match_id,isResult,h,a,goals,home_xg,datetime,forecast,season,source
28778,True,"{'id': '87', 'title': 'Liverpool', 'short_title': 'LIV'}","{'id': '73', 'title': 'Bournemouth', 'short_title': 'BOU'}","{'h': '4', 'a': '2'}","{'h': '2.33007', 'a': '1.57303'}",2025-08-15 19:00:00,"{'w': '0.5498', 'd': '0.2276', 'l': '0.2226'}",2025-26,understat_league
28779,True,"{'id': '71', 'title': 'Aston Villa', 'short_title': 'AVL'}","{'id': '86', 'title': 'Newcastle United', 'short_title': 'NEW'}","{'h': '0', 'a': '0'}","{'h': '0.318601', 'a': '1.40098'}",2025-08-16 11:30:00,"{'w': '0.0629', 'd': '0.2371', 'l': '0.7'}",2025-26,understat_league
28780,True,"{'id': '220', 'title': 'Brighton', 'short_title': 'BRI'}","{'id': '228', 'title': 'Fulham', 'short_title': 'FLH'}","{'h': '1', 'a': '1'}","{'h': '1.44008', 'a': '0.902883'}",2025-08-16 14:00:00,"{'w': '0.5158', 'd': '0.3088', 'l': '0.1754'}",2025-26,understat_league
28781,True,"{'id': '77', 'title': 'Sunderland', 'short_title': 'SUN'}","{'id': '81', 'title': 'West Ham', 'short_title': 'WHU'}","{'h': '3', 'a': '0'}","{'h': '0.724368', 'a': '0.558948'}",2025-08-16 14:00:00,"{'w': '0.363', 'd': '0.391', 'l': '0.246'}",2025-26,understat_league
28782,True,"{'id': '82', 'title': 'Tottenham', 'short_title': 'TOT'}","{'id': '92', 'title': 'Burnley', 'short_title': 'BUR'}","{'h': '3', 'a': '0'}","{'h': '1.97858', 'a': '0.734138'}",2025-08-16 14:00:00,"{'w': '0.7032', 'd': '0.1993', 'l': '0.0975'}",2025-26,understat_league
28783,True,"{'id': '229', 'title': 'Wolverhampton Wanderers', 'short_title': 'WOL'}","{'id': '88', 'title': 'Manchester City', 'short_title': 'MCI'}","{'h': '0', 'a': '4'}","{'h': '0.519436', 'a': '2.29903'}",2025-08-16 16:30:00,"{'w': '0.0404', 'd': '0.1179', 'l': '0.8417'}",2025-26,understat_league
28784,True,"{'id': '80', 'title': 'Chelsea', 'short_title': 'CHE'}","{'id': '78', 'title': 'Crystal Palace', 'short_title': 'CRY'}","{'h': '0', 'a': '0'}","{'h': '1.36793', 'a': '1.03414'}",2025-08-17 13:00:00,"{'w': '0.4404', 'd': '0.2929', 'l': '0.2667'}",2025-26,understat_league
28785,True,"{'id': '249', 'title': 'Nottingham Forest', 'short_title': 'NOT'}","{'id': '244', 'title': 'Brentford', 'short_title': 'BRE'}","{'h': '3', 'a': '1'}","{'h': '1.7555', 'a': '1.32516'}",2025-08-17 13:00:00,"{'w': '0.4714', 'd': '0.2855', 'l': '0.2431'}",2025-26,understat_league
28786,True,"{'id': '89', 'title': 'Manchester United', 'short_title': 'MUN'}","{'id': '83', 'title': 'Arsenal', 'short_title': 'ARS'}","{'h': '0', 'a': '1'}","{'h': '1.37653', 'a': '1.3304'}",2025-08-17 15:30:00,"{'w': '0.3408', 'd': '0.3074', 'l': '0.3518'}",2025-26,understat_league
28787,True,"{'id': '245', 'title': 'Leeds', 'short_title': 'LED'}","{'id': '72', 'title': 'Everton', 'short_title': 'EVE'}","{'h': '1', 'a': '0'}","{'h': '2.3812', 'a': '0.674338'}",2025-08-18 19:00:00,"{'w': '0.8116', 'd': '0.1394', 'l': '0.049'}",2025-26,understat_league
28788,True,"{'id': '81', 'title': 'West Ham', 'short_title': 'WHU'}","{'id': '80', 'title': 'Chelsea', 'short_title': 'CHE'}","{'h': '1', 'a': '5'}","{'h': '0.978572', 'a': '3.94997'}",2025-08-22 19:00:00,"{'w': '0.0153', 'd': '0.0485', 'l': '0.9362'}",2025-26,understat_league
28789,True,"{'id': '88', 'title': 'Manchester City', 'short_title': 'MCI'}","{'id': '82', 'title': 'Tottenham', 'short_title': 'TOT'}","{'h': '0', 'a': '2'}","{'h': '1.2475', 'a': '1.28015'}",2025-08-23 11:30:00,"{'w': '0.3526', 'd': '0.2889', 'l': '0.3585'}",2025-26,understat_league
28790,True,"{'id': '244', 'title': 'Brentford', 'short_title': 'BRE'}","{'id': '71', 'title': 'Aston Villa', 'short_title': 'AVL'}","{'h': '1', 'a': '0'}","{'h': '1.12964', 'a': '0.976852'}",2025-08-23 14:00:00,"{'w': '0.4019', 'd': '0.3328', 'l': '0.2653'}",2025-26,understat_league
28791,True,"{'id': '92', 'title': 'Burnley', 'short_title': 'BUR'}","{'id': '77', 'title': 'Sunderland', 'short_title': 'SUN'}","{'h': '2', 'a': '0'}","{'h': '1.00381', 'a': '1.12127'}",2025-08-23 14:00:00,"{'w': '0.2978', 'd': '0.3293', 'l': '0.3729'}",2025-26,understat_league
28792,True,"{'id': '73', 'title': 'Bournemouth', 'short_title': 'BOU'}","{'id': '229', 'title': 'Wolverhampton Wanderers', 'short_title': 'WOL'}","{'h': '1', 'a': '0'}","{'h': '1.78462', 'a': '0.373367'}",2025-08-23 14:00:00,"{'w': '0.7888', 'd': '0.1642', 'l': '0.047'}",2025-26,understat_league
28793,True,"{'id': '83', 'title': 'Arsenal', 'short_title': 'ARS'}","{'id': '245', 'title': 'Leeds', 'short_title': 'LED'}","{'h': '5', 'a': '0'}","{'h': '2.73761', 'a': '0.156761'}",2025-08-23 16:30:00,"{'w': '0.9569', 'd': '0.039', 'l': '0.0041'}",2025-26,understat_league
28794,True,"{'id': '78', 'title': 'Crystal Palace', 'short_title': 'CRY'}","{'id': '249', 'title': 'Nottingham Forest', 'short_title': 'NOT'}","{'h': '1', 'a': '1'}","{'h': '1.10188', 'a': '1.32987'}",2025-08-24 13:00:00,"{'w': '0.2822', 'd': '0.3071', 'l': '0.4107'}",2025-26,understat_league
28795,True,"{'id': '72', 'title': 'Everton', 'short_title': 'EVE'}","{'id': '220', 'title': 'Brighton', 'short_title': 'BRI'}","{'h': '2', 'a': '0'}","{'h': '1.80116', 'a': '2.08487'}",2025-08-24 13:00:00,"{'w': '0.2765', 'd': '0.2775', 'l': '0.446'}",2025-26,understat_league
28796,True,"{'id': '228', 'title': 'Fulham', 'short_title': 'FLH'}","{'id': '89', 'title': 'Manchester United', 'short_title': 'MUN'}","{'h': '1', 'a': '1'}","{'h': '1.65333', 'a': '1.54603'}",2025-08-24 15:30:00,"{'w': '0.3868', 'd': '0.2852', 'l': '0.328'}",2025-26,understat_league
28797,True,"{'id': '86', 'title': 'Newcastle United', 'short_title': 'NEW'}","{'id': '87', 'title': 'Liverpool', 'short_title': 'LIV'}","{'h': '2', 'a': '3'}","{'h': '1.96342', 'a': '0.646559'}",2025-08-25 19:00:00,"{'w': '0.7493', 'd': '0.1793', 'l': '0.0714'}",2025-26,understat_league
28798,True,"{'id': '80', 'title': 'Chelsea', 'short_title': 'CHE'}","{'id': '228', 'title': 'Fulham', 'short_title': 'FLH'}","{'h': '2', 'a': '0'}","{'h': '2.4324', 'a': '0.736228'}",2025-08-30 11:30:00,"{'w': '0.811', 'd': '0.1338', 'l': '0.0552'}",2025-26,understat_league
28799,True,"{'id': '82', 'title': 'Tottenham', 'short_title': 'TOT'}","{'id': '73', 'title': 'Bournemouth', 'short_title': 'BOU'}","{'h': '0', 'a': '1'}","{'h': '0.17067', 'a': '2.1201'}",2025-08-30 14:00:00,"{'w': '0.016', 'd': '0.1089', 'l': '0.8751'}",2025-26,understat_league
28800,True,"{'id': '229', 'title': 'Wolverhampton Wanderers', 'short_title': 'WOL'}","{'id': '72', 'title': 'Everton', 'short_title': 'EVE'}","{'h': '2', 'a': '3'}","{'h': '0.943257', 'a': '2.03791'}",2025-08-30 14:00:00,"{'w': '0.1205', 'd': '0.2084', 'l': '0.6711'}",2025-26,understat_league
28801,True,"{'id': '77', 'title': 'Sunderland', 'short_title': 'SUN'}","{'id': '244', 'title': 'Brentford', 'short_title': 'BRE'}","{'h': '2', 'a': '1'}","{'h': '1.57127', 'a': '1.44604'}",2025-08-30 14:00:00,"{'w': '0.3654', 'd': '0.3194', 'l': '0.3152'}",2025-26,understat_league
28802,True,"{'id': '89', 'title': 'Manchester United', 'short_title': 'MUN'}","{'id': '92', 'title': 'Burnley', 'short_title': 'BUR'}","{'h': '3', 'a': '2'}","{'h': '4.02237', 'a': '1.32618'}",2025-08-30 14:00:00,"{'w': '0.911', 'd': '0.0655', 'l': '0.0235'}",2025-26,understat_league
28803,True,"{'id': '245', 'title': 'Leeds', 'short_title': 'LED'}","{'id': '86', 'title': 'Newcastle United', 'short_title': 'NEW'}","{'h': '0', 'a': '0'}","{'h': '0.6773', 'a': '0.303635'}",2025-08-30 16:30:00,"{'w': '0.408', 'd': '0.4518', 'l': '0.1402'}",2025-26,understat_league
28804,True,"{'id': '249', 'title': 'Nottingham Forest', 'short_title': 'NOT'}","{'id': '81', 'title': 'West Ham', 'short_title': 'WHU'}","{'h': '0', 'a': '3'}","{'h': '0.716018', 'a': '2.236'}",2025-08-31 13:00:00,"{'w': '0.0594', 'd': '0.1552', 'l': '0.7854'}",2025-26,understat_league
28805,True,"{'id': '220', 'title': 'Brighton', 'short_title': 'BRI'}","{'id': '88', 'title': 'Manchester City', 'short_title': 'MCI'}","{'h': '2', 'a': '1'}","{'h': '2.20864', 'a': '2.13418'}",2025-08-31 13:00:00,"{'w': '0.3828', 'd': '0.2726', 'l': '0.3446'}",2025-26,understat_league
28806,True,"{'id': '87', 'title': 'Liverpool', 'short_title': 'LIV'}","{'id': '83', 'title': 'Arsenal', 'short_title': 'ARS'}","{'h': '1', 'a': '0'}","{'h': '0.481404', 'a': '0.485679'}",2025-08-31 15:30:00,"{'w': '0.2681', 'd': '0.4624', 'l': '0.2695'}",2025-26,understat_league
28807,True,"{'id': '71', 'title': 'Aston Villa', 'short_title': 'AVL'}","{'id': '78', 'title': 'Crystal Palace', 'short_title': 'CRY'}","{'h': '0', 'a': '3'}","{'h': '1.20586', 'a': '2.59713'}",2025-08-31 18:00:00,"{'w': '0.0734', 'd': '0.161', 'l': '0.7656'}",2025-26,understat_league
28808,True,"{'id': '83', 'title': 'Arsenal', 'short_title': 'ARS'}","{'id': '249', 'title': 'Nottingham Forest', 'short_title': 'NOT'}","{'h': '3', 'a': '0'}","{'h': '2.8817', 'a': '0.293681'}",2025-09-13 11:30:00,"{'w': '0.9419', 'd': '0.048', 'l': '0.0101'}",2025-26,understat_league
28809,True,"{'id': '86', 'title': 'Newcastle United', 'short_title': 'NEW'}","{'id': '229', 'title': 'Wolverhampton Wanderers', 'short_title': 'WOL'}","{'h': '1', 'a': '0'}","{'h': '1.19186', 'a': '0.375942'}",2025-09-13 14:00:00,"{'w': '0.6234', 'd': '0.2851', 'l': '0.0915'}",2025-26,understat_league
28810,True,"{'id': '73', 'title': 'Bournemouth', 'short_title': 'BOU'}","{'id': '220', 'title': 'Brighton', 'short_title': 'BRI'}","{'h': '2', 'a': '1'}","{'h': '1.44187', 'a': '0.624923'}",2025-09-13 14:00:00,"{'w': '0.6177', 'd': '0.2664', 'l': '0.1159'}",2025-26,understat_league
28811,True,"{'id': '78', 'title': 'Crystal Palace', 'short_title': 'CRY'}","{'id': '77', 'title': 'Sunderland', 'short_title': 'SUN'}","{'h': '0', 'a': '0'}","{'h': '1.75805', 'a': '0.354129'}",2025-09-13 14:00:00,"{'w': '0.7823', 'd': '0.1686', 'l': '0.0491'}",2025-26,understat_league
28812,True,"{'id': '72', 'title': 'Everton', 'short_title': 'EVE'}","{'id': '71', 'title': 'Aston Villa', 'short_title': 'AVL'}","{'h': '0', 'a': '0'}","{'h': '1.8927', 'a': '0.354327'}",2025-09-13 14:00:00,"{'w': '0.7847', 'd': '0.1658', 'l': '0.0495'}",2025-26,understat_league
28813,True,"{'id': '228', 'title': 'Fulham', 'short_title': 'FLH'}","{'id': '245', 'title': 'Leeds', 'short_title': 'LED'}","{'h': '1', 'a': '0'}","{'h': '1.13979', 'a': '0.830398'}",2025-09-13 14:00:00,"{'w': '0.4371', 'd': '0.3383', 'l': '0.2246'}",2025-26,understat_league
28814,True,"{'id': '81', 'title': 'West Ham', 'short_title': 'WHU'}","{'id': '82', 'title': 'Tottenham', 'short_title': 'TOT'}","{'h': '0', 'a': '3'}","{'h': '0.793248', 'a': '1.51402'}",2025-09-13 16:30:00,"{'w': '0.1696', 'd': '0.2807', 'l': '0.5497'}",2025-26,understat_league
28815,True,"{'id': '244', 'title': 'Brentford', 'short_title': 'BRE'}","{'id': '80', 'title': 'Chelsea', 'short_title': 'CHE'}","{'h': '2', 'a': '2'}","{'h': '1.17533', 'a': '0.755999'}",2025-09-13 19:00:00,"{'w': '0.495', 'd': '0.2994', 'l': '0.2056'}",2025-26,understat_league
28816,True,"{'id': '92', 'title': 'Burnley', 'short_title': 'BUR'}","{'id': '87', 'title': 'Liverpool', 'short_title': 'LIV'}","{'h': '0', 'a': '1'}","{'h': '0.168041', 'a': '2.79492'}",2025-09-14 13:00:00,"{'w': '0.0037', 'd': '0.0387', 'l': '0.9576'}",2025-26,understat_league
28817,True,"{'id': '88', 'title': 'Manchester City', 'short_title': 'MCI'}","{'id': '89', 'title': 'Manchester United', 'short_title': 'MUN'}","{'h': '3', 'a': '0'}","{'h': '1.99725', 'a': '1.51915'}",2025-09-14 15:30:00,"{'w': '0.4799', 'd': '0.2573', 'l': '0.2628'}",2025-26,understat_league
28818,True,"{'id': '87', 'title': 'Liverpool', 'short_title': 'LIV'}","{'id': '72', 'title': 'Everton', 'short_title': 'EVE'}","{'h': '2', 'a': '1'}","{'h': '1.06166', 'a': '0.721371'}",2025-09-20 11:30:00,"{'w': '0.4455', 'd': '0.33', 'l': '0.2245'}",2025-26,understat_league
28819,True,"{'id': '81', 'title': 'West Ham', 'short_title': 'WHU'}","{'id': '78', 'title': 'Crystal Palace', 'short_title': 'CRY'}","{'h': '1', 'a': '2'}","{'h': '0.466365', 'a': '2.33565'}",2025-09-20 14:00:00,"{'w': '0.035', 'd': '0.1161', 'l': '0.8489'}",2025-26,understat_league
28820,True,"{'id': '229', 'title': 'Wolverhampton Wanderers', 'short_title': 'WOL'}","{'id': '245', 'title': 'Leeds', 'short_title': 'LED'}","{'h': '1', 'a': '3'}","{'h': '1.5661', 'a': '0.456988'}",2025-09-20 14:00:00,"{'w': '0.6878', 'd': '0.2266', 'l': '0.0856'}",2025-26,understat_league
28821,True,"{'id': '220', 'title': 'Brighton', 'short_title': 'BRI'}","{'id': '82', 'title': 'Tottenham', 'short_title': 'TOT'}","{'h': '2', 'a': '2'}","{'h': '1.40466', 'a': '1.19181'}",2025-09-20 14:00:00,"{'w': '0.4028', 'd': '0.3289', 'l': '0.2683'}",2025-26,understat_league
28822,True,"{'id': '92', 'title': 'Burnley', 'short_title': 'BUR'}","{'id': '249', 'title': 'Nottingham Forest', 'short_title': 'NOT'}","{'h': '1', 'a': '1'}","{'h': '1.14159', 'a': '0.830779'}",2025-09-20 14:00:00,"{'w': '0.4397', 'd': '0.3168', 'l': '0.2435'}",2025-26,understat_league
28824,True,"{'id': '89', 'title': 'Manchester United', 'short_title': 'MUN'}","{'id': '80', 'title': 'Chelsea', 'short_title': 'CHE'}","{'h': '2', 'a': '1'}","{'h': '1.34458', 'a': '0.469843'}",2025-09-20 16:30:00,"{'w': '0.6294', 'd': '0.2748', 'l': '0.0958'}",2025-26,understat_league
28825,True,"{'id': '228', 'title': 'Fulham', 'short_title': 'FLH'}","{'id': '244', 'title': 'Brentford', 'short_title': 'BRE'}","{'h': '3', 'a': '1'}","{'h': '1.52431', 'a': '0.826556'}",2025-09-20 19:00:00,"{'w': '0.5643', 'd': '0.2588', 'l': '0.1769'}",2025-26,understat_league
28823,True,"{'id': '73', 'title': 'Bournemouth', 'short_title': 'BOU'}","{'id': '86', 'title': 'Newcastle United', 'short_title': 'NEW'}","{'h': '0', 'a': '0'}","{'h': '0.55066', 'a': '0.153629'}",2025-09-21 13:00:00,"{'w': '0.3942', 'd': '0.5216', 'l': '0.0842'}",2025-26,understat_league
28826,True,"{'id': '77', 'title': 'Sunderland', 'short_title': 'SUN'}","{'id': '71', 'title': 'Aston Villa', 'short_title': 'AVL'}","{'h': '1', 'a': '1'}","{'h': '0.938312', 'a': '0.939354'}",2025-09-21 13:00:00,"{'w': '0.3258', 'd': '0.3463', 'l': '0.3279'}",2025-26,understat_league
28827,True,"{'id': '83', 'title': 'Arsenal', 'short_title': 'ARS'}","{'id': '88', 'title': 'Manchester City', 'short_title': 'MCI'}","{'h': '1', 'a': '1'}","{'h': '0.718575', 'a': '1.1227'}",2025-09-21 15:30:00,"{'w': '0.2028', 'd': '0.3221', 'l': '0.4751'}",2025-26,understat_league
28828,True,"{'id': '244', 'title': 'Brentford', 'short_title': 'BRE'}","{'id': '89', 'title': 'Manchester United', 'short_title': 'MUN'}","{'h': '3', 'a': '1'}","{'h': '2.78726', 'a': '2.23609'}",2025-09-27 11:30:00,"{'w': '0.5118', 'd': '0.2491', 'l': '0.2391'}",2025-26,understat_league
28829,True,"{'id': '80', 'title': 'Chelsea', 'short_title': 'CHE'}","{'id': '220', 'title': 'Brighton', 'short_title': 'BRI'}","{'h': '1', 'a': '3'}","{'h': '2.02653', 'a': '2.4751'}",2025-09-27 14:00:00,"{'w': '0.2603', 'd': '0.2482', 'l': '0.4915'}",2025-26,understat_league
28830,True,"{'id': '78', 'title': 'Crystal Palace', 'short_title': 'CRY'}","{'id': '87', 'title': 'Liverpool', 'short_title': 'LIV'}","{'h': '2', 'a': '1'}","{'h': '3.53323', 'a': '3.10176'}",2025-09-27 14:00:00,"{'w': '0.4872', 'd': '0.1968', 'l': '0.316'}",2025-26,understat_league
28832,True,"{'id': '245', 'title': 'Leeds', 'short_title': 'LED'}","{'id': '73', 'title': 'Bournemouth', 'short_title': 'BOU'}","{'h': '2', 'a': '2'}","{'h': '2.04728', 'a': '1.06033'}",2025-09-27 14:00:00,"{'w': '0.6258', 'd': '0.219', 'l': '0.1552'}",2025-26,understat_league
28833,True,"{'id': '88', 'title': 'Manchester City', 'short_title': 'MCI'}","{'id': '92', 'title': 'Burnley', 'short_title': 'BUR'}","{'h': '5', 'a': '1'}","{'h': '3.22133', 'a': '0.509491'}",2025-09-27 14:00:00,"{'w': '0.9279', 'd': '0.0602', 'l': '0.0119'}",2025-26,understat_league
28834,True,"{'id': '249', 'title': 'Nottingham Forest', 'short_title': 'NOT'}","{'id': '77', 'title': 'Sunderland', 'short_title': 'SUN'}","{'h': '0', 'a': '1'}","{'h': '1.4203', 'a': '1.94154'}",2025-09-27 16:30:00,"{'w': '0.2527', 'd': '0.2346', 'l': '0.5127'}",2025-26,understat_league
28835,True,"{'id': '82', 'title': 'Tottenham', 'short_title': 'TOT'}","{'id': '229', 'title': 'Wolverhampton Wanderers', 'short_title': 'WOL'}","{'h': '1', 'a': '1'}","{'h': '0.818711', 'a': '1.15951'}",2025-09-27 19:00:00,"{'w': '0.2181', 'd': '0.3376', 'l': '0.4443'}",2025-26,understat_league
28831,True,"{'id': '71', 'title': 'Aston Villa', 'short_title': 'AVL'}","{'id': '228', 'title': 'Fulham', 'short_title': 'FLH'}","{'h': '3', 'a': '1'}","{'h': '1.36575', 'a': '0.952612'}",2025-09-28 13:00:00,"{'w': '0.4792', 'd': '0.293', 'l': '0.2278'}",2025-26,understat_league
28836,True,"{'id': '86', 'title': 'Newcastle United', 'short_title': 'NEW'}","{'id': '83', 'title': 'Arsenal', 'short_title': 'ARS'}","{'h': '1', 'a': '2'}","{'h': '0.739851', 'a': '2.07048'}",2025-09-28 15:30:00,"{'w': '0.0956', 'd': '0.1872', 'l': '0.7172'}",2025-26,understat_league
28837,True,"{'id': '72', 'title': 'Everton', 'short_title': 'EVE'}","{'id': '81', 'title': 'West Ham', 'short_title': 'WHU'}","{'h': '1', 'a': '1'}","{'h': '0.909703', 'a': '0.775766'}",2025-09-29 19:00:00,"{'w': '0.3639', 'd': '0.3478', 'l': '0.2883'}",2025-26,understat_league
28838,True,"{'id': '73', 'title': 'Bournemouth', 'short_title': 'BOU'}","{'id': '228', 'title': 'Fulham', 'short_title': 'FLH'}","{'h': '3', 'a': '1'}","{'h': '1.33458', 'a': '0.84335'}",2025-10-03 19:00:00,"{'w': '0.5037', 'd': '0.2971', 'l': '0.1992'}",2025-26,understat_league
28844,True,"{'id': '245', 'title': 'Leeds', 'short_title': 'LED'}","{'id': '82', 'title': 'Tottenham', 'short_title': 'TOT'}","{'h': '1', 'a': '2'}","{'h': '1.48051', 'a': '0.688198'}",2025-10-04 11:30:00,"{'w': '0.6', 'd': '0.2633', 'l': '0.1367'}",2025-26,understat_league
28839,True,"{'id': '83', 'title': 'Arsenal', 'short_title': 'ARS'}","{'id': '81', 'title': 'West Ham', 'short_title': 'WHU'}","{'h': '2', 'a': '0'}","{'h': '3.0585', 'a': '0.864549'}",2025-10-04 14:00:00,"{'w': '0.8876', 'd': '0.0891', 'l': '0.0233'}",2025-26,understat_league
28845,True,"{'id': '89', 'title': 'Manchester United', 'short_title': 'MUN'}","{'id': '77', 'title': 'Sunderland', 'short_title': 'SUN'}","{'h': '2', 'a': '0'}","{'h': '1.9298', 'a': '0.807119'}",2025-10-04 14:00:00,"{'w': '0.6826', 'd': '0.2067', 'l': '0.1107'}",2025-26,understat_league
28842,True,"{'id': '80', 'title': 'Chelsea', 'short_title': 'CHE'}","{'id': '87', 'title': 'Liverpool', 'short_title': 'LIV'}","{'h': '2', 'a': '1'}","{'h': '1.23721', 'a': '2.05981'}",2025-10-04 16:30:00,"{'w': '0.1603', 'd': '0.2554', 'l': '0.5843'}",2025-26,understat_league
28840,True,"{'id': '71', 'title': 'Aston Villa', 'short_title': 'AVL'}","{'id': '92', 'title': 'Burnley', 'short_title': 'BUR'}","{'h': '2', 'a': '1'}","{'h': '1.73572', 'a': '0.502292'}",2025-10-05 13:00:00,"{'w': '0.7029', 'd': '0.2168', 'l': '0.0803'}",2025-26,understat_league
28843,True,"{'id': '72', 'title': 'Everton', 'short_title': 'EVE'}","{'id': '78', 'title': 'Crystal Palace', 'short_title': 'CRY'}","{'h': '2', 'a': '1'}","{'h': '2.13876', 'a': '2.17789'}",2025-10-05 13:00:00,"{'w': '0.3623', 'd': '0.2646', 'l': '0.3731'}",2025-26,understat_league
28846,True,"{'id': '86', 'title': 'Newcastle United', 'short_title': 'NEW'}","{'id': '249', 'title': 'Nottingham Forest', 'short_title': 'NOT'}","{'h': '2', 'a': '0'}","{'h': '3.81662', 'a': '0.337689'}",2025-10-05 13:00:00,"{'w': '0.9788', 'd': '0.0182', 'l': '0.003'}",2025-26,understat_league
28847,True,"{'id': '229', 'title': 'Wolverhampton Wanderers', 'short_title': 'WOL'}","{'id': '220', 'title': 'Brighton', 'short_title': 'BRI'}","{'h': '1', 'a': '1'}","{'h': '0.369404', 'a': '1.39158'}",2025-10-05 13:00:00,"{'w': '0.0797', 'd': '0.2474', 'l': '0.6729'}",2025-26,understat_league
28841,True,"{'id': '244', 'title': 'Brentford', 'short_title': 'BRE'}","{'id': '88', 'title': 'Manchester City', 'short_title': 'MCI'}","{'h': '0', 'a': '1'}","{'h': '0.693758', 'a': '1.09647'}",2025-10-05 15:30:00,"{'w': '0.2127', 'd': '0.3477', 'l': '0.4396'}",2025-26,understat_league
28854,True,"{'id': '249', 'title': 'Nottingham Forest', 'short_title': 'NOT'}","{'id': '80', 'title': 'Chelsea', 'short_title': 'CHE'}","{'h': '0', 'a': '3'}","{'h': '2.0555', 'a': '2.5583'}",2025-10-18 11:30:00,"{'w': '0.2761', 'd': '0.2325', 'l': '0.4914'}",2025-26,understat_league
28848,True,"{'id': '220', 'title': 'Brighton', 'short_title': 'BRI'}","{'id': '86', 'title': 'Newcastle United', 'short_title': 'NEW'}","{'h': '2', 'a': '1'}","{'h': '0.857104', 'a': '1.28313'}",2025-10-18 14:00:00,"{'w': '0.234', 'd': '0.2943', 'l': '0.4717'}",2025-26,understat_league
28849,True,"{'id': '92', 'title': 'Burnley', 'short_title': 'BUR'}","{'id': '245', 'title': 'Leeds', 'short_title': 'LED'}","{'h': '2', 'a': '0'}","{'h': '0.509647', 'a': '2.33152'}",2025-10-18 14:00:00,"{'w': '0.0318', 'd': '0.1277', 'l': '0.8405'}",2025-26,understat_league
28850,True,"{'id': '78', 'title': 'Crystal Palace', 'short_title': 'CRY'}","{'id': '73', 'title': 'Bournemouth', 'short_title': 'BOU'}","{'h': '3', 'a': '3'}","{'h': '4.56284', 'a': '2.0471'}",2025-10-18 14:00:00,"{'w': '0.8893', 'd': '0.0764', 'l': '0.0343'}",2025-26,understat_league
28853,True,"{'id': '88', 'title': 'Manchester City', 'short_title': 'MCI'}","{'id': '72', 'title': 'Everton', 'short_title': 'EVE'}","{'h': '2', 'a': '0'}","{'h': '2.4799', 'a': '0.794622'}",2025-10-18 14:00:00,"{'w': '0.7871', 'd': '0.157', 'l': '0.0559'}",2025-26,understat_league
28855,True,"{'id': '77', 'title': 'Sunderland', 'short_title': 'SUN'}","{'id': '229', 'title': 'Wolverhampton Wanderers', 'short_title': 'WOL'}","{'h': '2', 'a': '0'}","{'h': '1.02481', 'a': '0.676323'}",2025-10-18 14:00:00,"{'w': '0.4521', 'd': '0.3322', 'l': '0.2157'}",2025-26,understat_league
28851,True,"{'id': '228', 'title': 'Fulham', 'short_title': 'FLH'}","{'id': '83', 'title': 'Arsenal', 'short_title': 'ARS'}","{'h': '0', 'a': '1'}","{'h': '0.502332', 'a': '2.07823'}",2025-10-18 16:30:00,"{'w': '0.0509', 'd': '0.1423', 'l': '0.8068'}",2025-26,understat_league
28856,True,"{'id': '82', 'title': 'Tottenham', 'short_title': 'TOT'}","{'id': '71', 'title': 'Aston Villa', 'short_title': 'AVL'}","{'h': '1', 'a': '2'}","{'h': '1.51461', 'a': '0.352231'}",2025-10-19 13:00:00,"{'w': '0.7246', 'd': '0.2099', 'l': '0.0655'}",2025-26,understat_league
28852,True,"{'id': '87', 'title': 'Liverpool', 'short_title': 'LIV'}","{'id': '89', 'title': 'Manchester United', 'short_title': 'MUN'}","{'h': '1', 'a': '2'}","{'h': '2.60972', 'a': '2.53117'}",2025-10-19 15:30:00,"{'w': '0.403', 'd': '0.2349', 'l': '0.3621'}",2025-26,understat_league
28857,True,"{'id': '81', 'title': 'West Ham', 'short_title': 'WHU'}","{'id': '244', 'title': 'Brentford', 'short_title': 'BRE'}","{'h': '0', 'a': '2'}","{'h': '0.260251', 'a': '3.46635'}",2025-10-20 19:00:00,"{'w': '0.0056', 'd': '0.0286', 'l': '0.9658'}",2025-26,understat_league
28864,True,"{'id': '245', 'title': 'Leeds', 'short_title': 'LED'}","{'id': '81', 'title': 'West Ham', 'short_title': 'WHU'}","{'h': '2', 'a': '1'}","{'h': '2.2214', 'a': '0.498653'}",2025-10-24 19:00:00,"{'w': '0.8342', 'd': '0.1246', 'l': '0.0412'}",2025-26,understat_league
28862,True,"{'id': '80', 'title': 'Chelsea', 'short_title': 'CHE'}","{'id': '77', 'title': 'Sunderland', 'short_title': 'SUN'}","{'h': '1', 'a': '2'}","{'h': '1.21332', 'a': '1.5506'}",2025-10-25 14:00:00,"{'w': '0.2529', 'd': '0.2876', 'l': '0.4595'}",2025-26,understat_league
28866,True,"{'id': '86', 'title': 'Newcastle United', 'short_title': 'NEW'}","{'id': '228', 'title': 'Fulham', 'short_title': 'FLH'}","{'h': '2', 'a': '1'}","{'h': '2.76806', 'a': '1.52001'}",2025-10-25 14:00:00,"{'w': '0.6984', 'd': '0.1854', 'l': '0.1162'}",2025-26,understat_league
28865,True,"{'id': '89', 'title': 'Manchester United', 'short_title': 'MUN'}","{'id': '220', 'title': 'Brighton', 'short_title': 'BRI'}","{'h': '4', 'a': '2'}","{'h': '1.96231', 'a': '0.947154'}",2025-10-25 16:30:00,"{'w': '0.6368', 'd': '0.216', 'l': '0.1472'}",2025-26,understat_league
28861,True,"{'id': '244', 'title': 'Brentford', 'short_title': 'BRE'}","{'id': '87', 'title': 'Liverpool', 'short_title': 'LIV'}","{'h': '3', 'a': '2'}","{'h': '3.27126', 'a': '2.11838'}",2025-10-25 19:00:00,"{'w': '0.6466', 'd': '0.1867', 'l': '0.1667'}",2025-26,understat_league
28858,True,"{'id': '73', 'title': 'Bournemouth', 'short_title': 'BOU'}","{'id': '249', 'title': 'Nottingham Forest', 'short_title': 'NOT'}","{'h': '2', 'a': '0'}","{'h': '0.656601', 'a': '0.305493'}",2025-10-26 13:00:00,"{'w': '0.4009', 'd': '0.4563', 'l': '0.1428'}",2025-26,understat_league
28859,True,"{'id': '83', 'title': 'Arsenal', 'short_title': 'ARS'}","{'id': '78', 'title': 'Crystal Palace', 'short_title': 'CRY'}","{'h': '1', 'a': '0'}","{'h': '0.856175', 'a': '0.350534'}",2025-10-26 13:00:00,"{'w': '0.4818', 'd': '0.3843', 'l': '0.1339'}",2025-26,understat_league
28860,True,"{'id': '71', 'title': 'Aston Villa', 'short_title': 'AVL'}","{'id': '88', 'title': 'Manchester City', 'short_title': 'MCI'}","{'h': '1', 'a': '0'}","{'h': '0.843906', 'a': '1.36914'}",2025-10-26 13:00:00,"{'w': '0.2191', 'd': '0.289', 'l': '0.4919'}",2025-26,understat_league
28867,True,"{'id': '229', 'title': 'Wolverhampton Wanderers', 'short_title': 'WOL'}","{'id': '92', 'title': 'Burnley', 'short_title': 'BUR'}","{'h': '2', 'a': '3'}","{'h': '2.58132', 'a': '1.54544'}",2025-10-26 13:00:00,"{'w': '0.6426', 'd': '0.2132', 'l': '0.1442'}",2025-26,understat_league
28863,True,"{'id': '72', 'title': 'Everton', 'short_title': 'EVE'}","{'id': '82', 'title': 'Tottenham', 'short_title': 'TOT'}","{'h': '0', 'a': '3'}","{'h': '1.4032', 'a': '2.09327'}",2025-10-26 15:30:00,"{'w': '0.1933', 'd': '0.2511', 'l': '0.5556'}",2025-26,understat_league
28868,True,"{'id': '220', 'title': 'Brighton', 'short_title': 'BRI'}","{'id': '245', 'title': 'Leeds', 'short_title': 'LED'}","{'h': '3', 'a': '0'}","{'h': '2.64127', 'a': '0.35919'}",2025-11-01 15:00:00,"{'w': '0.9151', 'd': '0.0719', 'l': '0.013'}",2025-26,understat_league
28869,True,"{'id': '92', 'title': 'Burnley', 'short_title': 'BUR'}","{'id': '83', 'title': 'Arsenal', 'short_title': 'ARS'}","{'h': '0', 'a': '2'}","{'h': '0.679177', 'a': '2.51649'}",2025-11-01 15:00:00,"{'w': '0.0346', 'd': '0.1281', 'l': '0.8373'}",2025-26,understat_league
28870,True,"{'id': '78', 'title': 'Crystal Palace', 'short_title': 'CRY'}","{'id': '244', 'title': 'Brentford', 'short_title': 'BRE'}","{'h': '2', 'a': '0'}","{'h': '0.734558', 'a': '0.820498'}",2025-11-01 15:00:00,"{'w': '0.284', 'd': '0.3671', 'l': '0.3489'}",2025-26,understat_league
28871,True,"{'id': '228', 'title': 'Fulham', 'short_title': 'FLH'}","{'id': '229', 'title': 'Wolverhampton Wanderers', 'short_title': 'WOL'}","{'h': '3', 'a': '0'}","{'h': '1.91207', 'a': '0.209934'}",2025-11-01 15:00:00,"{'w': '0.8557', 'd': '0.1234', 'l': '0.0209'}",2025-26,understat_league
28874,True,"{'id': '249', 'title': 'Nottingham Forest', 'short_title': 'NOT'}","{'id': '89', 'title': 'Manchester United', 'short_title': 'MUN'}","{'h': '2', 'a': '2'}","{'h': '1.55066', 'a': '0.91622'}",2025-11-01 15:00:00,"{'w': '0.5553', 'd': '0.2598', 'l': '0.1849'}",2025-26,understat_league
28876,True,"{'id': '82', 'title': 'Tottenham', 'short_title': 'TOT'}","{'id': '80', 'title': 'Chelsea', 'short_title': 'CHE'}","{'h': '0', 'a': '1'}","{'h': '0.146954', 'a': '3.34251'}",2025-11-01 17:30:00,"{'w': '0.0016', 'd': '0.0201', 'l': '0.9783'}",2025-26,understat_league
28872,True,"{'id': '87', 'title': 'Liverpool', 'short_title': 'LIV'}","{'id': '71', 'title': 'Aston Villa', 'short_title': 'AVL'}","{'h': '2', 'a': '0'}","{'h': '1.47021', 'a': '0.43502'}",2025-11-01 20:00:00,"{'w': '0.6494', 'd': '0.2552', 'l': '0.0954'}",2025-26,understat_league
28877,True,"{'id': '81', 'title': 'West Ham', 'short_title': 'WHU'}","{'id': '86', 'title': 'Newcastle United', 'short_title': 'NEW'}","{'h': '3', 'a': '1'}","{'h': '1.41383', 'a': '0.523615'}",2025-11-02 14:00:00,"{'w': '0.6355', 'd': '0.2546', 'l': '0.1099'}",2025-26,understat_league
28873,True,"{'id': '88', 'title': 'Manchester City', 'short_title': 'MCI'}","{'id': '73', 'title': 'Bournemouth', 'short_title': 'BOU'}","{'h': '3', 'a': '1'}","{'h': '2.48999', 'a': '0.899846'}",2025-11-02 16:30:00,"{'w': '0.7693', 'd': '0.1598', 'l': '0.0709'}",2025-26,understat_league
28875,True,"{'id': '77', 'title': 'Sunderland', 'short_title': 'SUN'}","{'id': '72', 'title': 'Everton', 'short_title': 'EVE'}","{'h': '1', 'a': '1'}","{'h': '1.18068', 'a': '1.00741'}",2025-11-03 20:00:00,"{'w': '0.3718', 'd': '0.3203', 'l': '0.3079'}",2025-26,understat_league
28886,True,"{'id': '82', 'title': 'Tottenham', 'short_title': 'TOT'}","{'id': '89', 'title': 'Manchester United', 'short_title': 'MUN'}","{'h': '2', 'a': '2'}","{'h': '1.35532', 'a': '0.820256'}",2025-11-08 12:30:00,"{'w': '0.5103', 'd': '0.2821', 'l': '0.2076'}",2025-26,understat_league
28882,True,"{'id': '72', 'title': 'Everton', 'short_title': 'EVE'}","{'id': '228', 'title': 'Fulham', 'short_title': 'FLH'}","{'h': '2', 'a': '0'}","{'h': '2.30607', 'a': '0.424478'}",2025-11-08 15:00:00,"{'w': '0.855', 'd': '0.1105', 'l': '0.0345'}",2025-26,understat_league
28887,True,"{'id': '81', 'title': 'West Ham', 'short_title': 'WHU'}","{'id': '92', 'title': 'Burnley', 'short_title': 'BUR'}","{'h': '3', 'a': '2'}","{'h': '2.96728', 'a': '1.87478'}",2025-11-08 15:00:00,"{'w': '0.6782', 'd': '0.2072', 'l': '0.1146'}",2025-26,understat_league
28885,True,"{'id': '77', 'title': 'Sunderland', 'short_title': 'SUN'}","{'id': '83', 'title': 'Arsenal', 'short_title': 'ARS'}","{'h': '2', 'a': '2'}","{'h': '1.20495', 'a': '2.32943'}",2025-11-08 17:30:00,"{'w': '0.1307', 'd': '0.214', 'l': '0.6553'}",2025-26,understat_league
28880,True,"{'id': '80', 'title': 'Chelsea', 'short_title': 'CHE'}","{'id': '229', 'title': 'Wolverhampton Wanderers', 'short_title': 'WOL'}","{'h': '3', 'a': '0'}","{'h': '3.98342', 'a': '0.111462'}",2025-11-08 20:00:00,"{'w': '0.9924', 'd': '0.0074', 'l': '0.0002'}",2025-26,understat_league
28878,True,"{'id': '71', 'title': 'Aston Villa', 'short_title': 'AVL'}","{'id': '73', 'title': 'Bournemouth', 'short_title': 'BOU'}","{'h': '4', 'a': '0'}","{'h': '1.88282', 'a': '2.00992'}",2025-11-09 14:00:00,"{'w': '0.3334', 'd': '0.2653', 'l': '0.4013'}",2025-26,understat_league
28879,True,"{'id': '244', 'title': 'Brentford', 'short_title': 'BRE'}","{'id': '86', 'title': 'Newcastle United', 'short_title': 'NEW'}","{'h': '3', 'a': '1'}","{'h': '2.73729', 'a': '0.432277'}",2025-11-09 14:00:00,"{'w': '0.9194', 'd': '0.0653', 'l': '0.0153'}",2025-26,understat_league
28881,True,"{'id': '78', 'title': 'Crystal Palace', 'short_title': 'CRY'}","{'id': '220', 'title': 'Brighton', 'short_title': 'BRI'}","{'h': '0', 'a': '0'}","{'h': '0.839547', 'a': '0.637037'}",2025-11-09 14:00:00,"{'w': '0.3615', 'd': '0.3807', 'l': '0.2578'}",2025-26,understat_league
28884,True,"{'id': '249', 'title': 'Nottingham Forest', 'short_title': 'NOT'}","{'id': '245', 'title': 'Leeds', 'short_title': 'LED'}","{'h': '3', 'a': '1'}","{'h': '2.49097', 'a': '0.419461'}",2025-11-09 14:00:00,"{'w': '0.8925', 'd': '0.0884', 'l': '0.0191'}",2025-26,understat_league
28883,True,"{'id': '88', 'title': 'Manchester City', 'short_title': 'MCI'}","{'id': '87', 'title': 'Liverpool', 'short_title': 'LIV'}","{'h': '3', 'a': '0'}","{'h': '1.59542', 'a': '1.0281'}",2025-11-09 16:30:00,"{'w': '0.5265', 'd': '0.2798', 'l': '0.1937'}",2025-26,understat_league
28891,False,"{'id': '92', 'title': 'Burnley', 'short_title': 'BUR'}","{'id': '80', 'title': 'Chelsea', 'short_title': 'CHE'}","{'h': None, 'a': None}","{'h': None, 'a': None}",2025-11-22 12:30:00,,2025-26,understat_league
28888,False,"{'id': '73', 'title': 'Bournemouth', 'short_title': 'BOU'}","{'id': '81', 'title': 'West Ham', 'short_title': 'WHU'}","{'h': None, 'a': None}","{'h': None, 'a': None}",2025-11-22 15:00:00,,2025-26,understat_league
28890,False,"{'id': '220', 'title': 'Brighton', 'short_title': 'BRI'}","{'id': '244', 'title': 'Brentford', 'short_title': 'BRE'}","{'h': None, 'a': None}","{'h': None, 'a': None}",2025-11-22 15:00:00,,2025-26,understat_league
28892,False,"{'id': '228', 'title': 'Fulham', 'short_title': 'FLH'}","{'id': '77', 'title': 'Sunderland', 'short_title': 'SUN'}","{'h': None, 'a': None}","{'h': None, 'a': None}",2025-11-22 15:00:00,,2025-26,understat_league
28894,False,"{'id': '87', 'title': 'Liverpool', 'short_title': 'LIV'}","{'id': '249', 'title': 'Nottingham Forest', 'short_title': 'NOT'}","{'h': None, 'a': None}","{'h': None, 'a': None}",2025-11-22 15:00:00,,2025-26,understat_league
28897,False,"{'id': '229', 'title': 'Wolverhampton Wanderers', 'short_title': 'WOL'}","{'id': '78', 'title': 'Crystal Palace', 'short_title': 'CRY'}","{'h': None, 'a': None}","{'h': None, 'a': None}",2025-11-22 15:00:00,,2025-26,understat_league
28896,False,"{'id': '86', 'title': 'Newcastle United', 'short_title': 'NEW'}","{'id': '88', 'title': 'Manchester City', 'short_title': 'MCI'}","{'h': None, 'a': None}","{'h': None, 'a': None}",2025-11-22 17:30:00,,2025-26,understat_league
28893,False,"{'id': '245', 'title': 'Leeds', 'short_title': 'LED'}","{'id': '71', 'title': 'Aston Villa', 'short_title': 'AVL'}","{'h': None, 'a': None}","{'h': None, 'a': None}",2025-11-23 14:00:00,,2025-26,understat_league
28889,False,"{'id': '83', 'title': 'Arsenal', 'short_title': 'ARS'}","{'id': '82', 'title': 'Tottenham', 'short_title': 'TOT'}","{'h': None, 'a': None}","{'h': None, 'a': None}",2025-11-23 16:30:00,,2025-26,understat_league
28895,False,"{'id': '89', 'title': 'Manchester United', 'short_title': 'MUN'}","{'id': '72', 'title': 'Everton', 'short_title': 'EVE'}","{'h': None, 'a': None}","{'h': None, 'a': None}",2025-11-24 20:00:00,,2025-26,understat_league
28899,False,"{'id': '244', 'title': 'Brentford', 'short_title': 'BRE'}","{'id': '92', 'title': 'Burnley', 'short_title': 'BUR'}","{'h': None, 'a': None}","{'h': None, 'a': None}",2025-11-29 15:00:00,,2025-26,understat_league
28903,False,"{'id': '88', 'title': 'Manchester City', 'short_title': 'MCI'}","{'id': '245', 'title': 'Leeds', 'short_title': 'LED'}","{'h': None, 'a': None}","{'h': None, 'a': None}",2025-11-29 15:00:00,,2025-26,understat_league
28905,False,"{'id': '77', 'title': 'Sunderland', 'short_title': 'SUN'}","{'id': '73', 'title': 'Bournemouth', 'short_title': 'BOU'}","{'h': None, 'a': None}","{'h': None, 'a': None}",2025-11-29 15:00:00,,2025-26,understat_league
28902,False,"{'id': '72', 'title': 'Everton', 'short_title': 'EVE'}","{'id': '86', 'title': 'Newcastle United', 'short_title': 'NEW'}","{'h': None, 'a': None}","{'h': None, 'a': None}",2025-11-29 17:30:00,,2025-26,understat_league
28906,False,"{'id': '82', 'title': 'Tottenham', 'short_title': 'TOT'}","{'id': '228', 'title': 'Fulham', 'short_title': 'FLH'}","{'h': None, 'a': None}","{'h': None, 'a': None}",2025-11-29 20:00:00,,2025-26,understat_league
28901,False,"{'id': '78', 'title': 'Crystal Palace', 'short_title': 'CRY'}","{'id': '89', 'title': 'Manchester United', 'short_title': 'MUN'}","{'h': None, 'a': None}","{'h': None, 'a': None}",2025-11-30 12:00:00,,2025-26,understat_league
28898,False,"{'id': '71', 'title': 'Aston Villa', 'short_title': 'AVL'}","{'id': '229', 'title': 'Wolverhampton Wanderers', 'short_title': 'WOL'}","{'h': None, 'a': None}","{'h': None, 'a': None}",2025-11-30 14:05:00,,2025-26,understat_league
28904,False,"{'id': '249', 'title': 'Nottingham Forest', 'short_title': 'NOT'}","{'id': '220', 'title': 'Brighton', 'short_title': 'BRI'}","{'h': None, 'a': None}","{'h': None, 'a': None}",2025-11-30 14:05:00,,2025-26,understat_league
28907,False,"{'id': '81', 'title': 'West Ham', 'short_title': 'WHU'}","{'id': '87', 'title': 'Liverpool', 'short_title': 'LIV'}","{'h': None, 'a': None}","{'h': None, 'a': None}",2025-11-30 14:05:00,,2025-26,understat_league
28900,False,"{'id': '80', 'title': 'Chelsea', 'short_title': 'CHE'}","{'id': '83', 'title': 'Arsenal', 'short_title': 'ARS'}","{'h': None, 'a': None}","{'h': None, 'a': None}",2025-11-30 16:30:00,,2025-26,understat_league
28908,False,"{'id': '73', 'title': 'Bournemouth', 'short_title': 'BOU'}","{'id': '72', 'title': 'Everton', 'short_title': 'EVE'}","{'h': None, 'a': None}","{'h': None, 'a': None}",2025-12-03 18:00:00,,2025-26,understat_league
28909,False,"{'id': '83', 'title': 'Arsenal', 'short_title': 'ARS'}","{'id': '244', 'title': 'Brentford', 'short_title': 'BRE'}","{'h': None, 'a': None}","{'h': None, 'a': None}",2025-12-03 18:00:00,,2025-26,understat_league
28910,False,"{'id': '220', 'title': 'Brighton', 'short_title': 'BRI'}","{'id': '71', 'title': 'Aston Villa', 'short_title': 'AVL'}","{'h': None, 'a': None}","{'h': None, 'a': None}",2025-12-03 18:00:00,,2025-26,understat_league
28911,False,"{'id': '92', 'title': 'Burnley', 'short_title': 'BUR'}","{'id': '78', 'title': 'Crystal Palace', 'short_title': 'CRY'}","{'h': None, 'a': None}","{'h': None, 'a': None}",2025-12-03 18:00:00,,2025-26,understat_league
28912,False,"{'id': '228', 'title': 'Fulham', 'short_title': 'FLH'}","{'id': '88', 'title': 'Manchester City', 'short_title': 'MCI'}","{'h': None, 'a': None}","{'h': None, 'a': None}",2025-12-03 18:00:00,,2025-26,understat_league
28913,False,"{'id': '245', 'title': 'Leeds', 'short_title': 'LED'}","{'id': '80', 'title': 'Chelsea', 'short_title': 'CHE'}","{'h': None, 'a': None}","{'h': None, 'a': None}",2025-12-03 18:00:00,,2025-26,understat_league
28914,False,"{'id': '87', 'title': 'Liverpool', 'short_title': 'LIV'}","{'id': '77', 'title': 'Sunderland', 'short_title': 'SUN'}","{'h': None, 'a': None}","{'h': None, 'a': None}",2025-12-03 18:00:00,,2025-26,understat_league
28915,False,"{'id': '89', 'title': 'Manchester United', 'short_title': 'MUN'}","{'id': '81', 'title': 'West Ham', 'short_title': 'WHU'}","{'h': None, 'a': None}","{'h': None, 'a': None}",2025-12-03 18:00:00,,2025-26,understat_league
28916,False,"{'id': '86', 'title': 'Newcastle United', 'short_title': 'NEW'}","{'id': '82', 'title': 'Tottenham', 'short_title': 'TOT'}","{'h': None, 'a': None}","{'h': None, 'a': None}",2025-12-03 18:00:00,,2025-26,understat_league
28917,False,"{'id': '229', 'title': 'Wolverhampton Wanderers', 'short_title': 'WOL'}","{'id': '249', 'title': 'Nottingham Forest', 'short_title': 'NOT'}","{'h': None, 'a': None}","{'h': None, 'a': None}",2025-12-03 18:00:00,,2025-26,understat_league
28918,False,"{'id': '73', 'title': 'Bournemouth', 'short_title': 'BOU'}","{'id': '80', 'title': 'Chelsea', 'short_title': 'CHE'}","{'h': None, 'a': None}","{'h': None, 'a': None}",2025-12-06 13:00:00,,2025-26,understat_league
28919,False,"{'id': '71', 'title': 'Aston Villa', 'short_title': 'AVL'}","{'id': '83', 'title': 'Arsenal', 'short_title': 'ARS'}","{'h': None, 'a': None}","{'h': None, 'a': None}",2025-12-06 13:00:00,,2025-26,understat_league
28920,False,"{'id': '220', 'title': 'Brighton', 'short_title': 'BRI'}","{'id': '81', 'title': 'West Ham', 'short_title': 'WHU'}","{'h': None, 'a': None}","{'h': None, 'a': None}",2025-12-06 13:00:00,,2025-26,understat_league
28921,False,"{'id': '72', 'title': 'Everton', 'short_title': 'EVE'}","{'id': '249', 'title': 'Nottingham Forest', 'short_title': 'NOT'}","{'h': None, 'a': None}","{'h': None, 'a': None}",2025-12-06 13:00:00,,2025-26,understat_league
28922,False,"{'id': '228', 'title': 'Fulham', 'short_title': 'FLH'}","{'id': '78', 'title': 'Crystal Palace', 'short_title': 'CRY'}","{'h': None, 'a': None}","{'h': None, 'a': None}",2025-12-06 13:00:00,,2025-26,understat_league
28923,False,"{'id': '245', 'title': 'Leeds', 'short_title': 'LED'}","{'id': '87', 'title': 'Liverpool', 'short_title': 'LIV'}","{'h': None, 'a': None}","{'h': None, 'a': None}",2025-12-06 13:00:00,,2025-26,understat_league
28924,False,"{'id': '88', 'title': 'Manchester City', 'short_title': 'MCI'}","{'id': '77', 'title': 'Sunderland', 'short_title': 'SUN'}","{'h': None, 'a': None}","{'h': None, 'a': None}",2025-12-06 13:00:00,,2025-26,understat_league
28925,False,"{'id': '86', 'title': 'Newcastle United', 'short_title': 'NEW'}","{'id': '92', 'title': 'Burnley', 'short_title': 'BUR'}","{'h': None, 'a': None}","{'h': None, 'a': None}",2025-12-06 13:00:00,,2025-26,understat_league
28926,False,"{'id': '82', 'title': 'Tottenham', 'short_title': 'TOT'}","{'id': '244', 'title': 'Brentford', 'short_title': 'BRE'}","{'h': None, 'a': None}","{'h': None, 'a': None}",2025-12-06 13:00:00,,2025-26,understat_league
28927,False,"{'id': '229', 'title': 'Wolverhampton Wanderers', 'short_title': 'WOL'}","{'id': '89', 'title': 'Manchester United', 'short_title': 'MUN'}","{'h': None, 'a': None}","{'h': None, 'a': None}",2025-12-06 13:00:00,,2025-26,understat_league
28928,False,"{'id': '83', 'title': 'Arsenal', 'short_title': 'ARS'}","{'id': '229', 'title': 'Wolverhampton Wanderers', 'short_title': 'WOL'}","{'h': None, 'a': None}","{'h': None, 'a': None}",2025-12-13 13:00:00,,2025-26,understat_league
28929,False,"{'id': '244', 'title': 'Brentford', 'short_title': 'BRE'}","{'id': '245', 'title': 'Leeds', 'short_title': 'LED'}","{'h': None, 'a': None}","{'h': None, 'a': None}",2025-12-13 13:00:00,,2025-26,understat_league
28930,False,"{'id': '92', 'title': 'Burnley', 'short_title': 'BUR'}","{'id': '228', 'title': 'Fulham', 'short_title': 'FLH'}","{'h': None, 'a': None}","{'h': None, 'a': None}",2025-12-13 13:00:00,,2025-26,understat_league
28931,False,"{'id': '80', 'title': 'Chelsea', 'short_title': 'CHE'}","{'id': '72', 'title': 'Everton', 'short_title': 'EVE'}","{'h': None, 'a': None}","{'h': None, 'a': None}",2025-12-13 13:00:00,,2025-26,understat_league
28932,False,"{'id': '78', 'title': 'Crystal Palace', 'short_title': 'CRY'}","{'id': '88', 'title': 'Manchester City', 'short_title': 'MCI'}","{'h': None, 'a': None}","{'h': None, 'a': None}",2025-12-13 13:00:00,,2025-26,understat_league
28933,False,"{'id': '87', 'title': 'Liverpool', 'short_title': 'LIV'}","{'id': '220', 'title': 'Brighton', 'short_title': 'BRI'}","{'h': None, 'a': None}","{'h': None, 'a': None}",2025-12-13 13:00:00,,2025-26,understat_league
28934,False,"{'id': '89', 'title': 'Manchester United', 'short_title': 'MUN'}","{'id': '73', 'title': 'Bournemouth', 'short_title': 'BOU'}","{'h': None, 'a': None}","{'h': None, 'a': None}",2025-12-13 13:00:00,,2025-26,understat_league
28935,False,"{'id': '249', 'title': 'Nottingham Forest', 'short_title': 'NOT'}","{'id': '82', 'title': 'Tottenham', 'short_title': 'TOT'}","{'h': None, 'a': None}","{'h': None, 'a': None}",2025-12-13 13:00:00,,2025-26,understat_league
28936,False,"{'id': '77', 'title': 'Sunderland', 'short_title': 'SUN'}","{'id': '86', 'title': 'Newcastle United', 'short_title': 'NEW'}","{'h': None, 'a': None}","{'h': None, 'a': None}",2025-12-13 13:00:00,,2025-26,understat_league
28937,False,"{'id': '81', 'title': 'West Ham', 'short_title': 'WHU'}","{'id': '71', 'title': 'Aston Villa', 'short_title': 'AVL'}","{'h': None, 'a': None}","{'h': None, 'a': None}",2025-12-13 13:00:00,,2025-26,understat_league
28938,False,"{'id': '73', 'title': 'Bournemouth', 'short_title': 'BOU'}","{'id': '92', 'title': 'Burnley', 'short_title': 'BUR'}","{'h': None, 'a': None}","{'h': None, 'a': None}",2025-12-20 13:00:00,,2025-26,understat_league
28939,False,"{'id': '71', 'title': 'Aston Villa', 'short_title': 'AVL'}","{'id': '89', 'title': 'Manchester United', 'short_title': 'MUN'}","{'h': None, 'a': None}","{'h': None, 'a': None}",2025-12-20 13:00:00,,2025-26,understat_league
28940,False,"{'id': '220', 'title': 'Brighton', 'short_title': 'BRI'}","{'id': '77', 'title': 'Sunderland', 'short_title': 'SUN'}","{'h': None, 'a': None}","{'h': None, 'a': None}",2025-12-20 13:00:00,,2025-26,understat_league
28941,False,"{'id': '72', 'title': 'Everton', 'short_title': 'EVE'}","{'id': '83', 'title': 'Arsenal', 'short_title': 'ARS'}","{'h': None, 'a': None}","{'h': None, 'a': None}",2025-12-20 13:00:00,,2025-26,understat_league
28942,False,"{'id': '228', 'title': 'Fulham', 'short_title': 'FLH'}","{'id': '249', 'title': 'Nottingham Forest', 'short_title': 'NOT'}","{'h': None, 'a': None}","{'h': None, 'a': None}",2025-12-20 13:00:00,,2025-26,understat_league
28943,False,"{'id': '245', 'title': 'Leeds', 'short_title': 'LED'}","{'id': '78', 'title': 'Crystal Palace', 'short_title': 'CRY'}","{'h': None, 'a': None}","{'h': None, 'a': None}",2025-12-20 13:00:00,,2025-26,understat_league
28944,False,"{'id': '88', 'title': 'Manchester City', 'short_title': 'MCI'}","{'id': '81', 'title': 'West Ham', 'short_title': 'WHU'}","{'h': None, 'a': None}","{'h': None, 'a': None}",2025-12-20 13:00:00,,2025-26,understat_league
28945,False,"{'id': '86', 'title': 'Newcastle United', 'short_title': 'NEW'}","{'id': '80', 'title': 'Chelsea', 'short_title': 'CHE'}","{'h': None, 'a': None}","{'h': None, 'a': None}",2025-12-20 13:00:00,,2025-26,understat_league
28946,False,"{'id': '82', 'title': 'Tottenham', 'short_title': 'TOT'}","{'id': '87', 'title': 'Liverpool', 'short_title': 'LIV'}","{'h': None, 'a': None}","{'h': None, 'a': None}",2025-12-20 13:00:00,,2025-26,understat_league
28947,False,"{'id': '229', 'title': 'Wolverhampton Wanderers', 'short_title': 'WOL'}","{'id': '244', 'title': 'Brentford', 'short_title': 'BRE'}","{'h': None, 'a': None}","{'h': None, 'a': None}",2025-12-20 13:00:00,,2025-26,understat_league
28948,False,"{'id': '83', 'title': 'Arsenal', 'short_title': 'ARS'}","{'id': '220', 'title': 'Brighton', 'short_title': 'BRI'}","{'h': None, 'a': None}","{'h': None, 'a': None}",2025-12-27 13:00:00,,2025-26,understat_league
28949,False,"{'id': '244', 'title': 'Brentford', 'short_title': 'BRE'}","{'id': '73', 'title': 'Bournemouth', 'short_title': 'BOU'}","{'h': None, 'a': None}","{'h': None, 'a': None}",2025-12-27 13:00:00,,2025-26,understat_league
28950,False,"{'id': '92', 'title': 'Burnley', 'short_title': 'BUR'}","{'id': '72', 'title': 'Everton', 'short_title': 'EVE'}","{'h': None, 'a': None}","{'h': None, 'a': None}",2025-12-27 13:00:00,,2025-26,understat_league
28951,False,"{'id': '80', 'title': 'Chelsea', 'short_title': 'CHE'}","{'id': '71', 'title': 'Aston Villa', 'short_title': 'AVL'}","{'h': None, 'a': None}","{'h': None, 'a': None}",2025-12-27 13:00:00,,2025-26,understat_league
28952,False,"{'id': '78', 'title': 'Crystal Palace', 'short_title': 'CRY'}","{'id': '82', 'title': 'Tottenham', 'short_title': 'TOT'}","{'h': None, 'a': None}","{'h': None, 'a': None}",2025-12-27 13:00:00,,2025-26,understat_league
28953,False,"{'id': '87', 'title': 'Liverpool', 'short_title': 'LIV'}","{'id': '229', 'title': 'Wolverhampton Wanderers', 'short_title': 'WOL'}","{'h': None, 'a': None}","{'h': None, 'a': None}",2025-12-27 13:00:00,,2025-26,understat_league
28954,False,"{'id': '89', 'title': 'Manchester United', 'short_title': 'MUN'}","{'id': '86', 'title': 'Newcastle United', 'short_title': 'NEW'}","{'h': None, 'a': None}","{'h': None, 'a': None}",2025-12-27 13:00:00,,2025-26,understat_league
28955,False,"{'id': '249', 'title': 'Nottingham Forest', 'short_title': 'NOT'}","{'id': '88', 'title': 'Manchester City', 'short_title': 'MCI'}","{'h': None, 'a': None}","{'h': None, 'a': None}",2025-12-27 13:00:00,,2025-26,understat_league
28956,False,"{'id': '77', 'title': 'Sunderland', 'short_title': 'SUN'}","{'id': '245', 'title': 'Leeds', 'short_title': 'LED'}","{'h': None, 'a': None}","{'h': None, 'a': None}",2025-12-27 13:00:00,,2025-26,understat_league
28957,False,"{'id': '81', 'title': 'West Ham', 'short_title': 'WHU'}","{'id': '228', 'title': 'Fulham', 'short_title': 'FLH'}","{'h': None, 'a': None}","{'h': None, 'a': None}",2025-12-27 13:00:00,,2025-26,understat_league
28958,False,"{'id': '83', 'title': 'Arsenal', 'short_title': 'ARS'}","{'id': '71', 'title': 'Aston Villa', 'short_title': 'AVL'}","{'h': None, 'a': None}","{'h': None, 'a': None}",2025-12-30 18:00:00,,2025-26,understat_league
28959,False,"{'id': '244', 'title': 'Brentford', 'short_title': 'BRE'}","{'id': '82', 'title': 'Tottenham', 'short_title': 'TOT'}","{'h': None, 'a': None}","{'h': None, 'a': None}",2025-12-30 18:00:00,,2025-26,understat_league
28960,False,"{'id': '92', 'title': 'Burnley', 'short_title': 'BUR'}","{'id': '86', 'title': 'Newcastle United', 'short_title': 'NEW'}","{'h': None, 'a': None}","{'h': None, 'a': None}",2025-12-30 18:00:00,,2025-26,understat_league
28961,False,"{'id': '80', 'title': 'Chelsea', 'short_title': 'CHE'}","{'id': '73', 'title': 'Bournemouth', 'short_title': 'BOU'}","{'h': None, 'a': None}","{'h': None, 'a': None}",2025-12-30 18:00:00,,2025-26,understat_league
28962,False,"{'id': '78', 'title': 'Crystal Palace', 'short_title': 'CRY'}","{'id': '228', 'title': 'Fulham', 'short_title': 'FLH'}","{'h': None, 'a': None}","{'h': None, 'a': None}",2025-12-30 18:00:00,,2025-26,understat_league
28963,False,"{'id': '87', 'title': 'Liverpool', 'short_title': 'LIV'}","{'id': '245', 'title': 'Leeds', 'short_title': 'LED'}","{'h': None, 'a': None}","{'h': None, 'a': None}",2025-12-30 18:00:00,,2025-26,understat_league
28964,False,"{'id': '89', 'title': 'Manchester United', 'short_title': 'MUN'}","{'id': '229', 'title': 'Wolverhampton Wanderers', 'short_title': 'WOL'}","{'h': None, 'a': None}","{'h': None, 'a': None}",2025-12-30 18:00:00,,2025-26,understat_league
28965,False,"{'id': '249', 'title': 'Nottingham Forest', 'short_title': 'NOT'}","{'id': '72', 'title': 'Everton', 'short_title': 'EVE'}","{'h': None, 'a': None}","{'h': None, 'a': None}",2025-12-30 18:00:00,,2025-26,understat_league
28966,False,"{'id': '77', 'title': 'Sunderland', 'short_title': 'SUN'}","{'id': '88', 'title': 'Manchester City', 'short_title': 'MCI'}","{'h': None, 'a': None}","{'h': None, 'a': None}",2025-12-30 18:00:00,,2025-26,understat_league
28967,False,"{'id': '81', 'title': 'West Ham', 'short_title': 'WHU'}","{'id': '220', 'title': 'Brighton', 'short_title': 'BRI'}","{'h': None, 'a': None}","{'h': None, 'a': None}",2025-12-30 18:00:00,,2025-26,understat_league
28968,False,"{'id': '86', 'title': 'Newcastle United', 'short_title': 'NEW'}","{'id': '78', 'title': 'Crystal Palace', 'short_title': 'CRY'}","{'h': None, 'a': None}","{'h': None, 'a': None}",2026-01-03 13:00:00,,2025-26,understat_league
28969,False,"{'id': '82', 'title': 'Tottenham', 'short_title': 'TOT'}","{'id': '77', 'title': 'Sunderland', 'short_title': 'SUN'}","{'h': None, 'a': None}","{'h': None, 'a': None}",2026-01-03 13:00:00,,2025-26,understat_league
28970,False,"{'id': '229', 'title': 'Wolverhampton Wanderers', 'short_title': 'WOL'}","{'id': '81', 'title': 'West Ham', 'short_title': 'WHU'}","{'h': None, 'a': None}","{'h': None, 'a': None}",2026-01-03 13:00:00,,2025-26,understat_league
28971,False,"{'id': '73', 'title': 'Bournemouth', 'short_title': 'BOU'}","{'id': '83', 'title': 'Arsenal', 'short_title': 'ARS'}","{'h': None, 'a': None}","{'h': None, 'a': None}",2026-01-03 13:00:00,,2025-26,understat_league
28972,False,"{'id': '71', 'title': 'Aston Villa', 'short_title': 'AVL'}","{'id': '249', 'title': 'Nottingham Forest', 'short_title': 'NOT'}","{'h': None, 'a': None}","{'h': None, 'a': None}",2026-01-03 13:00:00,,2025-26,understat_league
28973,False,"{'id': '220', 'title': 'Brighton', 'short_title': 'BRI'}","{'id': '92', 'title': 'Burnley', 'short_title': 'BUR'}","{'h': None, 'a': None}","{'h': None, 'a': None}",2026-01-03 13:00:00,,2025-26,understat_league
28974,False,"{'id': '72', 'title': 'Everton', 'short_title': 'EVE'}","{'id': '244', 'title': 'Brentford', 'short_title': 'BRE'}","{'h': None, 'a': None}","{'h': None, 'a': None}",2026-01-03 13:00:00,,2025-26,understat_league
28975,False,"{'id': '228', 'title': 'Fulham', 'short_title': 'FLH'}","{'id': '87', 'title': 'Liverpool', 'short_title': 'LIV'}","{'h': None, 'a': None}","{'h': None, 'a': None}",2026-01-03 13:00:00,,2025-26,understat_league
28976,False,"{'id': '245', 'title': 'Leeds', 'short_title': 'LED'}","{'id': '89', 'title': 'Manchester United', 'short_title': 'MUN'}","{'h': None, 'a': None}","{'h': None, 'a': None}",2026-01-03 13:00:00,,2025-26,understat_league
28977,False,"{'id': '88', 'title': 'Manchester City', 'short_title': 'MCI'}","{'id': '80', 'title': 'Chelsea', 'short_title': 'CHE'}","{'h': None, 'a': None}","{'h': None, 'a': None}",2026-01-03 13:00:00,,2025-26,understat_league
28978,False,"{'id': '72', 'title': 'Everton', 'short_title': 'EVE'}","{'id': '229', 'title': 'Wolverhampton Wanderers', 'short_title': 'WOL'}","{'h': None, 'a': None}","{'h': None, 'a': None}",2026-01-07 18:00:00,,2025-26,understat_league
28979,False,"{'id': '73', 'title': 'Bournemouth', 'short_title': 'BOU'}","{'id': '82', 'title': 'Tottenham', 'short_title': 'TOT'}","{'h': None, 'a': None}","{'h': None, 'a': None}",2026-01-07 18:00:00,,2025-26,understat_league
28980,False,"{'id': '83', 'title': 'Arsenal', 'short_title': 'ARS'}","{'id': '87', 'title': 'Liverpool', 'short_title': 'LIV'}","{'h': None, 'a': None}","{'h': None, 'a': None}",2026-01-07 18:00:00,,2025-26,understat_league
28981,False,"{'id': '244', 'title': 'Brentford', 'short_title': 'BRE'}","{'id': '77', 'title': 'Sunderland', 'short_title': 'SUN'}","{'h': None, 'a': None}","{'h': None, 'a': None}",2026-01-07 18:00:00,,2025-26,understat_league
28982,False,"{'id': '92', 'title': 'Burnley', 'short_title': 'BUR'}","{'id': '89', 'title': 'Manchester United', 'short_title': 'MUN'}","{'h': None, 'a': None}","{'h': None, 'a': None}",2026-01-07 18:00:00,,2025-26,understat_league
28983,False,"{'id': '78', 'title': 'Crystal Palace', 'short_title': 'CRY'}","{'id': '71', 'title': 'Aston Villa', 'short_title': 'AVL'}","{'h': None, 'a': None}","{'h': None, 'a': None}",2026-01-07 18:00:00,,2025-26,understat_league
28984,False,"{'id': '228', 'title': 'Fulham', 'short_title': 'FLH'}","{'id': '80', 'title': 'Chelsea', 'short_title': 'CHE'}","{'h': None, 'a': None}","{'h': None, 'a': None}",2026-01-07 18:00:00,,2025-26,understat_league
28985,False,"{'id': '88', 'title': 'Manchester City', 'short_title': 'MCI'}","{'id': '220', 'title': 'Brighton', 'short_title': 'BRI'}","{'h': None, 'a': None}","{'h': None, 'a': None}",2026-01-07 18:00:00,,2025-26,understat_league
28986,False,"{'id': '86', 'title': 'Newcastle United', 'short_title': 'NEW'}","{'id': '245', 'title': 'Leeds', 'short_title': 'LED'}","{'h': None, 'a': None}","{'h': None, 'a': None}",2026-01-07 18:00:00,,2025-26,understat_league
28987,False,"{'id': '81', 'title': 'West Ham', 'short_title': 'WHU'}","{'id': '249', 'title': 'Nottingham Forest', 'short_title': 'NOT'}","{'h': None, 'a': None}","{'h': None, 'a': None}",2026-01-07 18:00:00,,2025-26,understat_league
28988,False,"{'id': '71', 'title': 'Aston Villa', 'short_title': 'AVL'}","{'id': '72', 'title': 'Everton', 'short_title': 'EVE'}","{'h': None, 'a': None}","{'h': None, 'a': None}",2026-01-17 13:00:00,,2025-26,understat_league
28989,False,"{'id': '220', 'title': 'Brighton', 'short_title': 'BRI'}","{'id': '73', 'title': 'Bournemouth', 'short_title': 'BOU'}","{'h': None, 'a': None}","{'h': None, 'a': None}",2026-01-17 13:00:00,,2025-26,understat_league
28990,False,"{'id': '80', 'title': 'Chelsea', 'short_title': 'CHE'}","{'id': '244', 'title': 'Brentford', 'short_title': 'BRE'}","{'h': None, 'a': None}","{'h': None, 'a': None}",2026-01-17 13:00:00,,2025-26,understat_league
28991,False,"{'id': '245', 'title': 'Leeds', 'short_title': 'LED'}","{'id': '228', 'title': 'Fulham', 'short_title': 'FLH'}","{'h': None, 'a': None}","{'h': None, 'a': None}",2026-01-17 13:00:00,,2025-26,understat_league
28992,False,"{'id': '87', 'title': 'Liverpool', 'short_title': 'LIV'}","{'id': '92', 'title': 'Burnley', 'short_title': 'BUR'}","{'h': None, 'a': None}","{'h': None, 'a': None}",2026-01-17 13:00:00,,2025-26,understat_league
28993,False,"{'id': '89', 'title': 'Manchester United', 'short_title': 'MUN'}","{'id': '88', 'title': 'Manchester City', 'short_title': 'MCI'}","{'h': None, 'a': None}","{'h': None, 'a': None}",2026-01-17 13:00:00,,2025-26,understat_league
28994,False,"{'id': '249', 'title': 'Nottingham Forest', 'short_title': 'NOT'}","{'id': '83', 'title': 'Arsenal', 'short_title': 'ARS'}","{'h': None, 'a': None}","{'h': None, 'a': None}",2026-01-17 13:00:00,,2025-26,understat_league
28995,False,"{'id': '77', 'title': 'Sunderland', 'short_title': 'SUN'}","{'id': '78', 'title': 'Crystal Palace', 'short_title': 'CRY'}","{'h': None, 'a': None}","{'h': None, 'a': None}",2026-01-17 13:00:00,,2025-26,understat_league
28996,False,"{'id': '82', 'title': 'Tottenham', 'short_title': 'TOT'}","{'id': '81', 'title': 'West Ham', 'short_title': 'WHU'}","{'h': None, 'a': None}","{'h': None, 'a': None}",2026-01-17 13:00:00,,2025-26,understat_league
28997,False,"{'id': '229', 'title': 'Wolverhampton Wanderers', 'short_title': 'WOL'}","{'id': '86', 'title': 'Newcastle United', 'short_title': 'NEW'}","{'h': None, 'a': None}","{'h': None, 'a': None}",2026-01-17 13:00:00,,2025-26,understat_league
28998,False,"{'id': '73', 'title': 'Bournemouth', 'short_title': 'BOU'}","{'id': '87', 'title': 'Liverpool', 'short_title': 'LIV'}","{'h': None, 'a': None}","{'h': None, 'a': None}",2026-01-24 13:00:00,,2025-26,understat_league
28999,False,"{'id': '83', 'title': 'Arsenal', 'short_title': 'ARS'}","{'id': '89', 'title': 'Manchester United', 'short_title': 'MUN'}","{'h': None, 'a': None}","{'h': None, 'a': None}",2026-01-24 13:00:00,,2025-26,understat_league
29000,False,"{'id': '244', 'title': 'Brentford', 'short_title': 'BRE'}","{'id': '249', 'title': 'Nottingham Forest', 'short_title': 'NOT'}","{'h': None, 'a': None}","{'h': None, 'a': None}",2026-01-24 13:00:00,,2025-26,understat_league
29001,False,"{'id': '92', 'title': 'Burnley', 'short_title': 'BUR'}","{'id': '82', 'title': 'Tottenham', 'short_title': 'TOT'}","{'h': None, 'a': None}","{'h': None, 'a': None}",2026-01-24 13:00:00,,2025-26,understat_league
29002,False,"{'id': '78', 'title': 'Crystal Palace', 'short_title': 'CRY'}","{'id': '80', 'title': 'Chelsea', 'short_title': 'CHE'}","{'h': None, 'a': None}","{'h': None, 'a': None}",2026-01-24 13:00:00,,2025-26,understat_league
29003,False,"{'id': '72', 'title': 'Everton', 'short_title': 'EVE'}","{'id': '245', 'title': 'Leeds', 'short_title': 'LED'}","{'h': None, 'a': None}","{'h': None, 'a': None}",2026-01-24 13:00:00,,2025-26,understat_league
29004,False,"{'id': '228', 'title': 'Fulham', 'short_title': 'FLH'}","{'id': '220', 'title': 'Brighton', 'short_title': 'BRI'}","{'h': None, 'a': None}","{'h': None, 'a': None}",2026-01-24 13:00:00,,2025-26,understat_league
29005,False,"{'id': '88', 'title': 'Manchester City', 'short_title': 'MCI'}","{'id': '229', 'title': 'Wolverhampton Wanderers', 'short_title': 'WOL'}","{'h': None, 'a': None}","{'h': None, 'a': None}",2026-01-24 13:00:00,,2025-26,understat_league
29006,False,"{'id': '86', 'title': 'Newcastle United', 'short_title': 'NEW'}","{'id': '71', 'title': 'Aston Villa', 'short_title': 'AVL'}","{'h': None, 'a': None}","{'h': None, 'a': None}",2026-01-24 13:00:00,,2025-26,understat_league
29007,False,"{'id': '81', 'title': 'West Ham', 'short_title': 'WHU'}","{'id': '77', 'title': 'Sunderland', 'short_title': 'SUN'}","{'h': None, 'a': None}","{'h': None, 'a': None}",2026-01-24 13:00:00,,2025-26,understat_league
29008,False,"{'id': '71', 'title': 'Aston Villa', 'short_title': 'AVL'}","{'id': '244', 'title': 'Brentford', 'short_title': 'BRE'}","{'h': None, 'a': None}","{'h': None, 'a': None}",2026-01-31 13:00:00,,2025-26,understat_league
29009,False,"{'id': '80', 'title': 'Chelsea', 'short_title': 'CHE'}","{'id': '81', 'title': 'West Ham', 'short_title': 'WHU'}","{'h': None, 'a': None}","{'h': None, 'a': None}",2026-01-31 13:00:00,,2025-26,understat_league
29010,False,"{'id': '220', 'title': 'Brighton', 'short_title': 'BRI'}","{'id': '72', 'title': 'Everton', 'short_title': 'EVE'}","{'h': None, 'a': None}","{'h': None, 'a': None}",2026-01-31 13:00:00,,2025-26,understat_league
29011,False,"{'id': '77', 'title': 'Sunderland', 'short_title': 'SUN'}","{'id': '92', 'title': 'Burnley', 'short_title': 'BUR'}","{'h': None, 'a': None}","{'h': None, 'a': None}",2026-01-31 13:00:00,,2025-26,understat_league
29012,False,"{'id': '89', 'title': 'Manchester United', 'short_title': 'MUN'}","{'id': '228', 'title': 'Fulham', 'short_title': 'FLH'}","{'h': None, 'a': None}","{'h': None, 'a': None}",2026-01-31 13:00:00,,2025-26,understat_league
29013,False,"{'id': '249', 'title': 'Nottingham Forest', 'short_title': 'NOT'}","{'id': '78', 'title': 'Crystal Palace', 'short_title': 'CRY'}","{'h': None, 'a': None}","{'h': None, 'a': None}",2026-01-31 13:00:00,,2025-26,understat_league
29014,False,"{'id': '87', 'title': 'Liverpool', 'short_title': 'LIV'}","{'id': '86', 'title': 'Newcastle United', 'short_title': 'NEW'}","{'h': None, 'a': None}","{'h': None, 'a': None}",2026-01-31 13:00:00,,2025-26,understat_league
29015,False,"{'id': '245', 'title': 'Leeds', 'short_title': 'LED'}","{'id': '83', 'title': 'Arsenal', 'short_title': 'ARS'}","{'h': None, 'a': None}","{'h': None, 'a': None}",2026-01-31 13:00:00,,2025-26,understat_league
29016,False,"{'id': '82', 'title': 'Tottenham', 'short_title': 'TOT'}","{'id': '88', 'title': 'Manchester City', 'short_title': 'MCI'}","{'h': None, 'a': None}","{'h': None, 'a': None}",2026-01-31 13:00:00,,2025-26,understat_league
29017,False,"{'id': '229', 'title': 'Wolverhampton Wanderers', 'short_title': 'WOL'}","{'id': '73', 'title': 'Bournemouth', 'short_title': 'BOU'}","{'h': None, 'a': None}","{'h': None, 'a': None}",2026-01-31 13:00:00,,2025-26,understat_league
29018,False,"{'id': '73', 'title': 'Bournemouth', 'short_title': 'BOU'}","{'id': '71', 'title': 'Aston Villa', 'short_title': 'AVL'}","{'h': None, 'a': None}","{'h': None, 'a': None}",2026-02-07 13:00:00,,2025-26,understat_league
29019,False,"{'id': '83', 'title': 'Arsenal', 'short_title': 'ARS'}","{'id': '77', 'title': 'Sunderland', 'short_title': 'SUN'}","{'h': None, 'a': None}","{'h': None, 'a': None}",2026-02-07 13:00:00,,2025-26,understat_league
29020,False,"{'id': '220', 'title': 'Brighton', 'short_title': 'BRI'}","{'id': '78', 'title': 'Crystal Palace', 'short_title': 'CRY'}","{'h': None, 'a': None}","{'h': None, 'a': None}",2026-02-07 13:00:00,,2025-26,understat_league
29021,False,"{'id': '92', 'title': 'Burnley', 'short_title': 'BUR'}","{'id': '81', 'title': 'West Ham', 'short_title': 'WHU'}","{'h': None, 'a': None}","{'h': None, 'a': None}",2026-02-07 13:00:00,,2025-26,understat_league
29022,False,"{'id': '228', 'title': 'Fulham', 'short_title': 'FLH'}","{'id': '72', 'title': 'Everton', 'short_title': 'EVE'}","{'h': None, 'a': None}","{'h': None, 'a': None}",2026-02-07 13:00:00,,2025-26,understat_league
29023,False,"{'id': '245', 'title': 'Leeds', 'short_title': 'LED'}","{'id': '249', 'title': 'Nottingham Forest', 'short_title': 'NOT'}","{'h': None, 'a': None}","{'h': None, 'a': None}",2026-02-07 13:00:00,,2025-26,understat_league
29024,False,"{'id': '87', 'title': 'Liverpool', 'short_title': 'LIV'}","{'id': '88', 'title': 'Manchester City', 'short_title': 'MCI'}","{'h': None, 'a': None}","{'h': None, 'a': None}",2026-02-07 13:00:00,,2025-26,understat_league
29025,False,"{'id': '89', 'title': 'Manchester United', 'short_title': 'MUN'}","{'id': '82', 'title': 'Tottenham', 'short_title': 'TOT'}","{'h': None, 'a': None}","{'h': None, 'a': None}",2026-02-07 13:00:00,,2025-26,understat_league
29026,False,"{'id': '86', 'title': 'Newcastle United', 'short_title': 'NEW'}","{'id': '244', 'title': 'Brentford', 'short_title': 'BRE'}","{'h': None, 'a': None}","{'h': None, 'a': None}",2026-02-07 13:00:00,,2025-26,understat_league
29027,False,"{'id': '229', 'title': 'Wolverhampton Wanderers', 'short_title': 'WOL'}","{'id': '80', 'title': 'Chelsea', 'short_title': 'CHE'}","{'h': None, 'a': None}","{'h': None, 'a': None}",2026-02-07 13:00:00,,2025-26,understat_league
29028,False,"{'id': '71', 'title': 'Aston Villa', 'short_title': 'AVL'}","{'id': '220', 'title': 'Brighton', 'short_title': 'BRI'}","{'h': None, 'a': None}","{'h': None, 'a': None}",2026-02-11 18:00:00,,2025-26,understat_league
29029,False,"{'id': '244', 'title': 'Brentford', 'short_title': 'BRE'}","{'id': '83', 'title': 'Arsenal', 'short_title': 'ARS'}","{'h': None, 'a': None}","{'h': None, 'a': None}",2026-02-11 18:00:00,,2025-26,understat_league
29030,False,"{'id': '80', 'title': 'Chelsea', 'short_title': 'CHE'}","{'id': '245', 'title': 'Leeds', 'short_title': 'LED'}","{'h': None, 'a': None}","{'h': None, 'a': None}",2026-02-11 18:00:00,,2025-26,understat_league
29031,False,"{'id': '78', 'title': 'Crystal Palace', 'short_title': 'CRY'}","{'id': '92', 'title': 'Burnley', 'short_title': 'BUR'}","{'h': None, 'a': None}","{'h': None, 'a': None}",2026-02-11 18:00:00,,2025-26,understat_league
29032,False,"{'id': '72', 'title': 'Everton', 'short_title': 'EVE'}","{'id': '73', 'title': 'Bournemouth', 'short_title': 'BOU'}","{'h': None, 'a': None}","{'h': None, 'a': None}",2026-02-11 18:00:00,,2025-26,understat_league
29033,False,"{'id': '88', 'title': 'Manchester City', 'short_title': 'MCI'}","{'id': '228', 'title': 'Fulham', 'short_title': 'FLH'}","{'h': None, 'a': None}","{'h': None, 'a': None}",2026-02-11 18:00:00,,2025-26,understat_league
29034,False,"{'id': '249', 'title': 'Nottingham Forest', 'short_title': 'NOT'}","{'id': '229', 'title': 'Wolverhampton Wanderers', 'short_title': 'WOL'}","{'h': None, 'a': None}","{'h': None, 'a': None}",2026-02-11 18:00:00,,2025-26,understat_league
29035,False,"{'id': '77', 'title': 'Sunderland', 'short_title': 'SUN'}","{'id': '87', 'title': 'Liverpool', 'short_title': 'LIV'}","{'h': None, 'a': None}","{'h': None, 'a': None}",2026-02-11 18:00:00,,2025-26,understat_league
29036,False,"{'id': '82', 'title': 'Tottenham', 'short_title': 'TOT'}","{'id': '86', 'title': 'Newcastle United', 'short_title': 'NEW'}","{'h': None, 'a': None}","{'h': None, 'a': None}",2026-02-11 18:00:00,,2025-26,understat_league
29037,False,"{'id': '81', 'title': 'West Ham', 'short_title': 'WHU'}","{'id': '89', 'title': 'Manchester United', 'short_title': 'MUN'}","{'h': None, 'a': None}","{'h': None, 'a': None}",2026-02-11 18:00:00,,2025-26,understat_league
29038,False,"{'id': '71', 'title': 'Aston Villa', 'short_title': 'AVL'}","{'id': '245', 'title': 'Leeds', 'short_title': 'LED'}","{'h': None, 'a': None}","{'h': None, 'a': None}",2026-02-21 13:00:00,,2025-26,understat_league
29039,False,"{'id': '244', 'title': 'Brentford', 'short_title': 'BRE'}","{'id': '220', 'title': 'Brighton', 'short_title': 'BRI'}","{'h': None, 'a': None}","{'h': None, 'a': None}",2026-02-21 13:00:00,,2025-26,understat_league
29040,False,"{'id': '80', 'title': 'Chelsea', 'short_title': 'CHE'}","{'id': '92', 'title': 'Burnley', 'short_title': 'BUR'}","{'h': None, 'a': None}","{'h': None, 'a': None}",2026-02-21 13:00:00,,2025-26,understat_league
29041,False,"{'id': '78', 'title': 'Crystal Palace', 'short_title': 'CRY'}","{'id': '229', 'title': 'Wolverhampton Wanderers', 'short_title': 'WOL'}","{'h': None, 'a': None}","{'h': None, 'a': None}",2026-02-21 13:00:00,,2025-26,understat_league
29042,False,"{'id': '72', 'title': 'Everton', 'short_title': 'EVE'}","{'id': '89', 'title': 'Manchester United', 'short_title': 'MUN'}","{'h': None, 'a': None}","{'h': None, 'a': None}",2026-02-21 13:00:00,,2025-26,understat_league
29043,False,"{'id': '88', 'title': 'Manchester City', 'short_title': 'MCI'}","{'id': '86', 'title': 'Newcastle United', 'short_title': 'NEW'}","{'h': None, 'a': None}","{'h': None, 'a': None}",2026-02-21 13:00:00,,2025-26,understat_league
29044,False,"{'id': '249', 'title': 'Nottingham Forest', 'short_title': 'NOT'}","{'id': '87', 'title': 'Liverpool', 'short_title': 'LIV'}","{'h': None, 'a': None}","{'h': None, 'a': None}",2026-02-21 13:00:00,,2025-26,understat_league
29045,False,"{'id': '77', 'title': 'Sunderland', 'short_title': 'SUN'}","{'id': '228', 'title': 'Fulham', 'short_title': 'FLH'}","{'h': None, 'a': None}","{'h': None, 'a': None}",2026-02-21 13:00:00,,2025-26,understat_league
29046,False,"{'id': '82', 'title': 'Tottenham', 'short_title': 'TOT'}","{'id': '83', 'title': 'Arsenal', 'short_title': 'ARS'}","{'h': None, 'a': None}","{'h': None, 'a': None}",2026-02-21 13:00:00,,2025-26,understat_league
29047,False,"{'id': '81', 'title': 'West Ham', 'short_title': 'WHU'}","{'id': '73', 'title': 'Bournemouth', 'short_title': 'BOU'}","{'h': None, 'a': None}","{'h': None, 'a': None}",2026-02-21 13:00:00,,2025-26,understat_league
29048,False,"{'id': '73', 'title': 'Bournemouth', 'short_title': 'BOU'}","{'id': '77', 'title': 'Sunderland', 'short_title': 'SUN'}","{'h': None, 'a': None}","{'h': None, 'a': None}",2026-02-28 13:00:00,,2025-26,understat_league
29049,False,"{'id': '83', 'title': 'Arsenal', 'short_title': 'ARS'}","{'id': '80', 'title': 'Chelsea', 'short_title': 'CHE'}","{'h': None, 'a': None}","{'h': None, 'a': None}",2026-02-28 13:00:00,,2025-26,understat_league
29050,False,"{'id': '220', 'title': 'Brighton', 'short_title': 'BRI'}","{'id': '249', 'title': 'Nottingham Forest', 'short_title': 'NOT'}","{'h': None, 'a': None}","{'h': None, 'a': None}",2026-02-28 13:00:00,,2025-26,understat_league
29051,False,"{'id': '92', 'title': 'Burnley', 'short_title': 'BUR'}","{'id': '244', 'title': 'Brentford', 'short_title': 'BRE'}","{'h': None, 'a': None}","{'h': None, 'a': None}",2026-02-28 13:00:00,,2025-26,understat_league
29052,False,"{'id': '228', 'title': 'Fulham', 'short_title': 'FLH'}","{'id': '82', 'title': 'Tottenham', 'short_title': 'TOT'}","{'h': None, 'a': None}","{'h': None, 'a': None}",2026-02-28 13:00:00,,2025-26,understat_league
29053,False,"{'id': '245', 'title': 'Leeds', 'short_title': 'LED'}","{'id': '88', 'title': 'Manchester City', 'short_title': 'MCI'}","{'h': None, 'a': None}","{'h': None, 'a': None}",2026-02-28 13:00:00,,2025-26,understat_league
29054,False,"{'id': '87', 'title': 'Liverpool', 'short_title': 'LIV'}","{'id': '81', 'title': 'West Ham', 'short_title': 'WHU'}","{'h': None, 'a': None}","{'h': None, 'a': None}",2026-02-28 13:00:00,,2025-26,understat_league
29055,False,"{'id': '89', 'title': 'Manchester United', 'short_title': 'MUN'}","{'id': '78', 'title': 'Crystal Palace', 'short_title': 'CRY'}","{'h': None, 'a': None}","{'h': None, 'a': None}",2026-02-28 13:00:00,,2025-26,understat_league
29056,False,"{'id': '86', 'title': 'Newcastle United', 'short_title': 'NEW'}","{'id': '72', 'title': 'Everton', 'short_title': 'EVE'}","{'h': None, 'a': None}","{'h': None, 'a': None}",2026-02-28 13:00:00,,2025-26,understat_league
29057,False,"{'id': '229', 'title': 'Wolverhampton Wanderers', 'short_title': 'WOL'}","{'id': '71', 'title': 'Aston Villa', 'short_title': 'AVL'}","{'h': None, 'a': None}","{'h': None, 'a': None}",2026-02-28 13:00:00,,2025-26,understat_league
29058,False,"{'id': '73', 'title': 'Bournemouth', 'short_title': 'BOU'}","{'id': '244', 'title': 'Brentford', 'short_title': 'BRE'}","{'h': None, 'a': None}","{'h': None, 'a': None}",2026-03-04 18:00:00,,2025-26,understat_league
29059,False,"{'id': '71', 'title': 'Aston Villa', 'short_title': 'AVL'}","{'id': '80', 'title': 'Chelsea', 'short_title': 'CHE'}","{'h': None, 'a': None}","{'h': None, 'a': None}",2026-03-04 18:00:00,,2025-26,understat_league
29060,False,"{'id': '220', 'title': 'Brighton', 'short_title': 'BRI'}","{'id': '83', 'title': 'Arsenal', 'short_title': 'ARS'}","{'h': None, 'a': None}","{'h': None, 'a': None}",2026-03-04 18:00:00,,2025-26,understat_league
29061,False,"{'id': '72', 'title': 'Everton', 'short_title': 'EVE'}","{'id': '92', 'title': 'Burnley', 'short_title': 'BUR'}","{'h': None, 'a': None}","{'h': None, 'a': None}",2026-03-04 18:00:00,,2025-26,understat_league
29062,False,"{'id': '228', 'title': 'Fulham', 'short_title': 'FLH'}","{'id': '81', 'title': 'West Ham', 'short_title': 'WHU'}","{'h': None, 'a': None}","{'h': None, 'a': None}",2026-03-04 18:00:00,,2025-26,understat_league
29063,False,"{'id': '245', 'title': 'Leeds', 'short_title': 'LED'}","{'id': '77', 'title': 'Sunderland', 'short_title': 'SUN'}","{'h': None, 'a': None}","{'h': None, 'a': None}",2026-03-04 18:00:00,,2025-26,understat_league
29064,False,"{'id': '88', 'title': 'Manchester City', 'short_title': 'MCI'}","{'id': '249', 'title': 'Nottingham Forest', 'short_title': 'NOT'}","{'h': None, 'a': None}","{'h': None, 'a': None}",2026-03-04 18:00:00,,2025-26,understat_league
29065,False,"{'id': '86', 'title': 'Newcastle United', 'short_title': 'NEW'}","{'id': '89', 'title': 'Manchester United', 'short_title': 'MUN'}","{'h': None, 'a': None}","{'h': None, 'a': None}",2026-03-04 18:00:00,,2025-26,understat_league
29066,False,"{'id': '82', 'title': 'Tottenham', 'short_title': 'TOT'}","{'id': '78', 'title': 'Crystal Palace', 'short_title': 'CRY'}","{'h': None, 'a': None}","{'h': None, 'a': None}",2026-03-04 18:00:00,,2025-26,understat_league
29067,False,"{'id': '229', 'title': 'Wolverhampton Wanderers', 'short_title': 'WOL'}","{'id': '87', 'title': 'Liverpool', 'short_title': 'LIV'}","{'h': None, 'a': None}","{'h': None, 'a': None}",2026-03-04 18:00:00,,2025-26,understat_league
29068,False,"{'id': '83', 'title': 'Arsenal', 'short_title': 'ARS'}","{'id': '72', 'title': 'Everton', 'short_title': 'EVE'}","{'h': None, 'a': None}","{'h': None, 'a': None}",2026-03-14 13:00:00,,2025-26,understat_league
29069,False,"{'id': '244', 'title': 'Brentford', 'short_title': 'BRE'}","{'id': '229', 'title': 'Wolverhampton Wanderers', 'short_title': 'WOL'}","{'h': None, 'a': None}","{'h': None, 'a': None}",2026-03-14 13:00:00,,2025-26,understat_league
29070,False,"{'id': '92', 'title': 'Burnley', 'short_title': 'BUR'}","{'id': '73', 'title': 'Bournemouth', 'short_title': 'BOU'}","{'h': None, 'a': None}","{'h': None, 'a': None}",2026-03-14 13:00:00,,2025-26,understat_league
29071,False,"{'id': '80', 'title': 'Chelsea', 'short_title': 'CHE'}","{'id': '86', 'title': 'Newcastle United', 'short_title': 'NEW'}","{'h': None, 'a': None}","{'h': None, 'a': None}",2026-03-14 13:00:00,,2025-26,understat_league
29072,False,"{'id': '78', 'title': 'Crystal Palace', 'short_title': 'CRY'}","{'id': '245', 'title': 'Leeds', 'short_title': 'LED'}","{'h': None, 'a': None}","{'h': None, 'a': None}",2026-03-14 13:00:00,,2025-26,understat_league
29073,False,"{'id': '87', 'title': 'Liverpool', 'short_title': 'LIV'}","{'id': '82', 'title': 'Tottenham', 'short_title': 'TOT'}","{'h': None, 'a': None}","{'h': None, 'a': None}",2026-03-14 13:00:00,,2025-26,understat_league
29074,False,"{'id': '89', 'title': 'Manchester United', 'short_title': 'MUN'}","{'id': '71', 'title': 'Aston Villa', 'short_title': 'AVL'}","{'h': None, 'a': None}","{'h': None, 'a': None}",2026-03-14 13:00:00,,2025-26,understat_league
29075,False,"{'id': '249', 'title': 'Nottingham Forest', 'short_title': 'NOT'}","{'id': '228', 'title': 'Fulham', 'short_title': 'FLH'}","{'h': None, 'a': None}","{'h': None, 'a': None}",2026-03-14 13:00:00,,2025-26,understat_league
29076,False,"{'id': '77', 'title': 'Sunderland', 'short_title': 'SUN'}","{'id': '220', 'title': 'Brighton', 'short_title': 'BRI'}","{'h': None, 'a': None}","{'h': None, 'a': None}",2026-03-14 13:00:00,,2025-26,understat_league
29077,False,"{'id': '81', 'title': 'West Ham', 'short_title': 'WHU'}","{'id': '88', 'title': 'Manchester City', 'short_title': 'MCI'}","{'h': None, 'a': None}","{'h': None, 'a': None}",2026-03-14 13:00:00,,2025-26,understat_league
29078,False,"{'id': '73', 'title': 'Bournemouth', 'short_title': 'BOU'}","{'id': '89', 'title': 'Manchester United', 'short_title': 'MUN'}","{'h': None, 'a': None}","{'h': None, 'a': None}",2026-03-21 13:00:00,,2025-26,understat_league
29079,False,"{'id': '71', 'title': 'Aston Villa', 'short_title': 'AVL'}","{'id': '81', 'title': 'West Ham', 'short_title': 'WHU'}","{'h': None, 'a': None}","{'h': None, 'a': None}",2026-03-21 13:00:00,,2025-26,understat_league
29080,False,"{'id': '220', 'title': 'Brighton', 'short_title': 'BRI'}","{'id': '87', 'title': 'Liverpool', 'short_title': 'LIV'}","{'h': None, 'a': None}","{'h': None, 'a': None}",2026-03-21 13:00:00,,2025-26,understat_league
29081,False,"{'id': '72', 'title': 'Everton', 'short_title': 'EVE'}","{'id': '80', 'title': 'Chelsea', 'short_title': 'CHE'}","{'h': None, 'a': None}","{'h': None, 'a': None}",2026-03-21 13:00:00,,2025-26,understat_league
29082,False,"{'id': '228', 'title': 'Fulham', 'short_title': 'FLH'}","{'id': '92', 'title': 'Burnley', 'short_title': 'BUR'}","{'h': None, 'a': None}","{'h': None, 'a': None}",2026-03-21 13:00:00,,2025-26,understat_league
29083,False,"{'id': '245', 'title': 'Leeds', 'short_title': 'LED'}","{'id': '244', 'title': 'Brentford', 'short_title': 'BRE'}","{'h': None, 'a': None}","{'h': None, 'a': None}",2026-03-21 13:00:00,,2025-26,understat_league
29084,False,"{'id': '88', 'title': 'Manchester City', 'short_title': 'MCI'}","{'id': '78', 'title': 'Crystal Palace', 'short_title': 'CRY'}","{'h': None, 'a': None}","{'h': None, 'a': None}",2026-03-21 13:00:00,,2025-26,understat_league
29085,False,"{'id': '86', 'title': 'Newcastle United', 'short_title': 'NEW'}","{'id': '77', 'title': 'Sunderland', 'short_title': 'SUN'}","{'h': None, 'a': None}","{'h': None, 'a': None}",2026-03-21 13:00:00,,2025-26,understat_league
29086,False,"{'id': '82', 'title': 'Tottenham', 'short_title': 'TOT'}","{'id': '249', 'title': 'Nottingham Forest', 'short_title': 'NOT'}","{'h': None, 'a': None}","{'h': None, 'a': None}",2026-03-21 13:00:00,,2025-26,understat_league
29087,False,"{'id': '229', 'title': 'Wolverhampton Wanderers', 'short_title': 'WOL'}","{'id': '83', 'title': 'Arsenal', 'short_title': 'ARS'}","{'h': None, 'a': None}","{'h': None, 'a': None}",2026-03-21 13:00:00,,2025-26,understat_league
29088,False,"{'id': '89', 'title': 'Manchester United', 'short_title': 'MUN'}","{'id': '245', 'title': 'Leeds', 'short_title': 'LED'}","{'h': None, 'a': None}","{'h': None, 'a': None}",2026-04-11 13:00:00,,2025-26,understat_league
29089,False,"{'id': '249', 'title': 'Nottingham Forest', 'short_title': 'NOT'}","{'id': '71', 'title': 'Aston Villa', 'short_title': 'AVL'}","{'h': None, 'a': None}","{'h': None, 'a': None}",2026-04-11 13:00:00,,2025-26,understat_league
29090,False,"{'id': '77', 'title': 'Sunderland', 'short_title': 'SUN'}","{'id': '82', 'title': 'Tottenham', 'short_title': 'TOT'}","{'h': None, 'a': None}","{'h': None, 'a': None}",2026-04-11 13:00:00,,2025-26,understat_league
29091,False,"{'id': '81', 'title': 'West Ham', 'short_title': 'WHU'}","{'id': '229', 'title': 'Wolverhampton Wanderers', 'short_title': 'WOL'}","{'h': None, 'a': None}","{'h': None, 'a': None}",2026-04-11 13:00:00,,2025-26,understat_league
29092,False,"{'id': '83', 'title': 'Arsenal', 'short_title': 'ARS'}","{'id': '73', 'title': 'Bournemouth', 'short_title': 'BOU'}","{'h': None, 'a': None}","{'h': None, 'a': None}",2026-04-11 13:00:00,,2025-26,understat_league
29093,False,"{'id': '244', 'title': 'Brentford', 'short_title': 'BRE'}","{'id': '72', 'title': 'Everton', 'short_title': 'EVE'}","{'h': None, 'a': None}","{'h': None, 'a': None}",2026-04-11 13:00:00,,2025-26,understat_league
29094,False,"{'id': '92', 'title': 'Burnley', 'short_title': 'BUR'}","{'id': '220', 'title': 'Brighton', 'short_title': 'BRI'}","{'h': None, 'a': None}","{'h': None, 'a': None}",2026-04-11 13:00:00,,2025-26,understat_league
29095,False,"{'id': '80', 'title': 'Chelsea', 'short_title': 'CHE'}","{'id': '88', 'title': 'Manchester City', 'short_title': 'MCI'}","{'h': None, 'a': None}","{'h': None, 'a': None}",2026-04-11 13:00:00,,2025-26,understat_league
29096,False,"{'id': '78', 'title': 'Crystal Palace', 'short_title': 'CRY'}","{'id': '86', 'title': 'Newcastle United', 'short_title': 'NEW'}","{'h': None, 'a': None}","{'h': None, 'a': None}",2026-04-11 13:00:00,,2025-26,understat_league
29097,False,"{'id': '87', 'title': 'Liverpool', 'short_title': 'LIV'}","{'id': '228', 'title': 'Fulham', 'short_title': 'FLH'}","{'h': None, 'a': None}","{'h': None, 'a': None}",2026-04-11 13:00:00,,2025-26,understat_league
29098,False,"{'id': '71', 'title': 'Aston Villa', 'short_title': 'AVL'}","{'id': '77', 'title': 'Sunderland', 'short_title': 'SUN'}","{'h': None, 'a': None}","{'h': None, 'a': None}",2026-04-18 13:00:00,,2025-26,understat_league
29099,False,"{'id': '244', 'title': 'Brentford', 'short_title': 'BRE'}","{'id': '228', 'title': 'Fulham', 'short_title': 'FLH'}","{'h': None, 'a': None}","{'h': None, 'a': None}",2026-04-18 13:00:00,,2025-26,understat_league
29100,False,"{'id': '80', 'title': 'Chelsea', 'short_title': 'CHE'}","{'id': '89', 'title': 'Manchester United', 'short_title': 'MUN'}","{'h': None, 'a': None}","{'h': None, 'a': None}",2026-04-18 13:00:00,,2025-26,understat_league
29101,False,"{'id': '78', 'title': 'Crystal Palace', 'short_title': 'CRY'}","{'id': '81', 'title': 'West Ham', 'short_title': 'WHU'}","{'h': None, 'a': None}","{'h': None, 'a': None}",2026-04-18 13:00:00,,2025-26,understat_league
29102,False,"{'id': '72', 'title': 'Everton', 'short_title': 'EVE'}","{'id': '87', 'title': 'Liverpool', 'short_title': 'LIV'}","{'h': None, 'a': None}","{'h': None, 'a': None}",2026-04-18 13:00:00,,2025-26,understat_league
29103,False,"{'id': '245', 'title': 'Leeds', 'short_title': 'LED'}","{'id': '229', 'title': 'Wolverhampton Wanderers', 'short_title': 'WOL'}","{'h': None, 'a': None}","{'h': None, 'a': None}",2026-04-18 13:00:00,,2025-26,understat_league
29104,False,"{'id': '88', 'title': 'Manchester City', 'short_title': 'MCI'}","{'id': '83', 'title': 'Arsenal', 'short_title': 'ARS'}","{'h': None, 'a': None}","{'h': None, 'a': None}",2026-04-18 13:00:00,,2025-26,understat_league
29105,False,"{'id': '86', 'title': 'Newcastle United', 'short_title': 'NEW'}","{'id': '73', 'title': 'Bournemouth', 'short_title': 'BOU'}","{'h': None, 'a': None}","{'h': None, 'a': None}",2026-04-18 13:00:00,,2025-26,understat_league
29106,False,"{'id': '249', 'title': 'Nottingham Forest', 'short_title': 'NOT'}","{'id': '92', 'title': 'Burnley', 'short_title': 'BUR'}","{'h': None, 'a': None}","{'h': None, 'a': None}",2026-04-18 13:00:00,,2025-26,understat_league
29107,False,"{'id': '82', 'title': 'Tottenham', 'short_title': 'TOT'}","{'id': '220', 'title': 'Brighton', 'short_title': 'BRI'}","{'h': None, 'a': None}","{'h': None, 'a': None}",2026-04-18 13:00:00,,2025-26,understat_league
29108,False,"{'id': '73', 'title': 'Bournemouth', 'short_title': 'BOU'}","{'id': '245', 'title': 'Leeds', 'short_title': 'LED'}","{'h': None, 'a': None}","{'h': None, 'a': None}",2026-04-25 13:00:00,,2025-26,understat_league
29109,False,"{'id': '83', 'title': 'Arsenal', 'short_title': 'ARS'}","{'id': '86', 'title': 'Newcastle United', 'short_title': 'NEW'}","{'h': None, 'a': None}","{'h': None, 'a': None}",2026-04-25 13:00:00,,2025-26,understat_league
29110,False,"{'id': '220', 'title': 'Brighton', 'short_title': 'BRI'}","{'id': '80', 'title': 'Chelsea', 'short_title': 'CHE'}","{'h': None, 'a': None}","{'h': None, 'a': None}",2026-04-25 13:00:00,,2025-26,understat_league
29111,False,"{'id': '92', 'title': 'Burnley', 'short_title': 'BUR'}","{'id': '88', 'title': 'Manchester City', 'short_title': 'MCI'}","{'h': None, 'a': None}","{'h': None, 'a': None}",2026-04-25 13:00:00,,2025-26,understat_league
29112,False,"{'id': '228', 'title': 'Fulham', 'short_title': 'FLH'}","{'id': '71', 'title': 'Aston Villa', 'short_title': 'AVL'}","{'h': None, 'a': None}","{'h': None, 'a': None}",2026-04-25 13:00:00,,2025-26,understat_league
29113,False,"{'id': '87', 'title': 'Liverpool', 'short_title': 'LIV'}","{'id': '78', 'title': 'Crystal Palace', 'short_title': 'CRY'}","{'h': None, 'a': None}","{'h': None, 'a': None}",2026-04-25 13:00:00,,2025-26,understat_league
29114,False,"{'id': '89', 'title': 'Manchester United', 'short_title': 'MUN'}","{'id': '244', 'title': 'Brentford', 'short_title': 'BRE'}","{'h': None, 'a': None}","{'h': None, 'a': None}",2026-04-25 13:00:00,,2025-26,understat_league
29115,False,"{'id': '77', 'title': 'Sunderland', 'short_title': 'SUN'}","{'id': '249', 'title': 'Nottingham Forest', 'short_title': 'NOT'}","{'h': None, 'a': None}","{'h': None, 'a': None}",2026-04-25 13:00:00,,2025-26,understat_league
29116,False,"{'id': '81', 'title': 'West Ham', 'short_title': 'WHU'}","{'id': '72', 'title': 'Everton', 'short_title': 'EVE'}","{'h': None, 'a': None}","{'h': None, 'a': None}",2026-04-25 13:00:00,,2025-26,understat_league
29117,False,"{'id': '229', 'title': 'Wolverhampton Wanderers', 'short_title': 'WOL'}","{'id': '82', 'title': 'Tottenham', 'short_title': 'TOT'}","{'h': None, 'a': None}","{'h': None, 'a': None}",2026-04-25 13:00:00,,2025-26,understat_league
29118,False,"{'id': '73', 'title': 'Bournemouth', 'short_title': 'BOU'}","{'id': '78', 'title': 'Crystal Palace', 'short_title': 'CRY'}","{'h': None, 'a': None}","{'h': None, 'a': None}",2026-05-02 13:00:00,,2025-26,understat_league
29119,False,"{'id': '83', 'title': 'Arsenal', 'short_title': 'ARS'}","{'id': '228', 'title': 'Fulham', 'short_title': 'FLH'}","{'h': None, 'a': None}","{'h': None, 'a': None}",2026-05-02 13:00:00,,2025-26,understat_league
29120,False,"{'id': '71', 'title': 'Aston Villa', 'short_title': 'AVL'}","{'id': '82', 'title': 'Tottenham', 'short_title': 'TOT'}","{'h': None, 'a': None}","{'h': None, 'a': None}",2026-05-02 13:00:00,,2025-26,understat_league
29121,False,"{'id': '244', 'title': 'Brentford', 'short_title': 'BRE'}","{'id': '81', 'title': 'West Ham', 'short_title': 'WHU'}","{'h': None, 'a': None}","{'h': None, 'a': None}",2026-05-02 13:00:00,,2025-26,understat_league
29122,False,"{'id': '80', 'title': 'Chelsea', 'short_title': 'CHE'}","{'id': '249', 'title': 'Nottingham Forest', 'short_title': 'NOT'}","{'h': None, 'a': None}","{'h': None, 'a': None}",2026-05-02 13:00:00,,2025-26,understat_league
29123,False,"{'id': '72', 'title': 'Everton', 'short_title': 'EVE'}","{'id': '88', 'title': 'Manchester City', 'short_title': 'MCI'}","{'h': None, 'a': None}","{'h': None, 'a': None}",2026-05-02 13:00:00,,2025-26,understat_league
29124,False,"{'id': '245', 'title': 'Leeds', 'short_title': 'LED'}","{'id': '92', 'title': 'Burnley', 'short_title': 'BUR'}","{'h': None, 'a': None}","{'h': None, 'a': None}",2026-05-02 13:00:00,,2025-26,understat_league
29125,False,"{'id': '89', 'title': 'Manchester United', 'short_title': 'MUN'}","{'id': '87', 'title': 'Liverpool', 'short_title': 'LIV'}","{'h': None, 'a': None}","{'h': None, 'a': None}",2026-05-02 13:00:00,,2025-26,understat_league
29126,False,"{'id': '86', 'title': 'Newcastle United', 'short_title': 'NEW'}","{'id': '220', 'title': 'Brighton', 'short_title': 'BRI'}","{'h': None, 'a': None}","{'h': None, 'a': None}",2026-05-02 13:00:00,,2025-26,understat_league
29127,False,"{'id': '229', 'title': 'Wolverhampton Wanderers', 'short_title': 'WOL'}","{'id': '77', 'title': 'Sunderland', 'short_title': 'SUN'}","{'h': None, 'a': None}","{'h': None, 'a': None}",2026-05-02 13:00:00,,2025-26,understat_league
29128,False,"{'id': '220', 'title': 'Brighton', 'short_title': 'BRI'}","{'id': '229', 'title': 'Wolverhampton Wanderers', 'short_title': 'WOL'}","{'h': None, 'a': None}","{'h': None, 'a': None}",2026-05-09 13:00:00,,2025-26,understat_league
29129,False,"{'id': '92', 'title': 'Burnley', 'short_title': 'BUR'}","{'id': '71', 'title': 'Aston Villa', 'short_title': 'AVL'}","{'h': None, 'a': None}","{'h': None, 'a': None}",2026-05-09 13:00:00,,2025-26,understat_league
29130,False,"{'id': '78', 'title': 'Crystal Palace', 'short_title': 'CRY'}","{'id': '72', 'title': 'Everton', 'short_title': 'EVE'}","{'h': None, 'a': None}","{'h': None, 'a': None}",2026-05-09 13:00:00,,2025-26,understat_league
29131,False,"{'id': '228', 'title': 'Fulham', 'short_title': 'FLH'}","{'id': '73', 'title': 'Bournemouth', 'short_title': 'BOU'}","{'h': None, 'a': None}","{'h': None, 'a': None}",2026-05-09 13:00:00,,2025-26,understat_league
29132,False,"{'id': '87', 'title': 'Liverpool', 'short_title': 'LIV'}","{'id': '80', 'title': 'Chelsea', 'short_title': 'CHE'}","{'h': None, 'a': None}","{'h': None, 'a': None}",2026-05-09 13:00:00,,2025-26,understat_league
29133,False,"{'id': '88', 'title': 'Manchester City', 'short_title': 'MCI'}","{'id': '244', 'title': 'Brentford', 'short_title': 'BRE'}","{'h': None, 'a': None}","{'h': None, 'a': None}",2026-05-09 13:00:00,,2025-26,understat_league
29134,False,"{'id': '249', 'title': 'Nottingham Forest', 'short_title': 'NOT'}","{'id': '86', 'title': 'Newcastle United', 'short_title': 'NEW'}","{'h': None, 'a': None}","{'h': None, 'a': None}",2026-05-09 13:00:00,,2025-26,understat_league
29135,False,"{'id': '77', 'title': 'Sunderland', 'short_title': 'SUN'}","{'id': '89', 'title': 'Manchester United', 'short_title': 'MUN'}","{'h': None, 'a': None}","{'h': None, 'a': None}",2026-05-09 13:00:00,,2025-26,understat_league
29136,False,"{'id': '82', 'title': 'Tottenham', 'short_title': 'TOT'}","{'id': '245', 'title': 'Leeds', 'short_title': 'LED'}","{'h': None, 'a': None}","{'h': None, 'a': None}",2026-05-09 13:00:00,,2025-26,understat_league
29137,False,"{'id': '81', 'title': 'West Ham', 'short_title': 'WHU'}","{'id': '83', 'title': 'Arsenal', 'short_title': 'ARS'}","{'h': None, 'a': None}","{'h': None, 'a': None}",2026-05-09 13:00:00,,2025-26,understat_league
29138,False,"{'id': '73', 'title': 'Bournemouth', 'short_title': 'BOU'}","{'id': '88', 'title': 'Manchester City', 'short_title': 'MCI'}","{'h': None, 'a': None}","{'h': None, 'a': None}",2026-05-17 13:00:00,,2025-26,understat_league
29139,False,"{'id': '83', 'title': 'Arsenal', 'short_title': 'ARS'}","{'id': '92', 'title': 'Burnley', 'short_title': 'BUR'}","{'h': None, 'a': None}","{'h': None, 'a': None}",2026-05-17 13:00:00,,2025-26,understat_league
29140,False,"{'id': '71', 'title': 'Aston Villa', 'short_title': 'AVL'}","{'id': '87', 'title': 'Liverpool', 'short_title': 'LIV'}","{'h': None, 'a': None}","{'h': None, 'a': None}",2026-05-17 13:00:00,,2025-26,understat_league
29141,False,"{'id': '244', 'title': 'Brentford', 'short_title': 'BRE'}","{'id': '78', 'title': 'Crystal Palace', 'short_title': 'CRY'}","{'h': None, 'a': None}","{'h': None, 'a': None}",2026-05-17 13:00:00,,2025-26,understat_league
29142,False,"{'id': '80', 'title': 'Chelsea', 'short_title': 'CHE'}","{'id': '82', 'title': 'Tottenham', 'short_title': 'TOT'}","{'h': None, 'a': None}","{'h': None, 'a': None}",2026-05-17 13:00:00,,2025-26,understat_league
29143,False,"{'id': '72', 'title': 'Everton', 'short_title': 'EVE'}","{'id': '77', 'title': 'Sunderland', 'short_title': 'SUN'}","{'h': None, 'a': None}","{'h': None, 'a': None}",2026-05-17 13:00:00,,2025-26,understat_league
29144,False,"{'id': '245', 'title': 'Leeds', 'short_title': 'LED'}","{'id': '220', 'title': 'Brighton', 'short_title': 'BRI'}","{'h': None, 'a': None}","{'h': None, 'a': None}",2026-05-17 13:00:00,,2025-26,understat_league
29145,False,"{'id': '89', 'title': 'Manchester United', 'short_title': 'MUN'}","{'id': '249', 'title': 'Nottingham Forest', 'short_title': 'NOT'}","{'h': None, 'a': None}","{'h': None, 'a': None}",2026-05-17 13:00:00,,2025-26,understat_league
29146,False,"{'id': '86', 'title': 'Newcastle United', 'short_title': 'NEW'}","{'id': '81', 'title': 'West Ham', 'short_title': 'WHU'}","{'h': None, 'a': None}","{'h': None, 'a': None}",2026-05-17 13:00:00,,2025-26,understat_league
29147,False,"{'id': '229', 'title': 'Wolverhampton Wanderers', 'short_title': 'WOL'}","{'id': '228', 'title': 'Fulham', 'short_title': 'FLH'}","{'h': None, 'a': None}","{'h': None, 'a': None}",2026-05-17 13:00:00,,2025-26,understat_league
29148,False,"{'id': '220', 'title': 'Brighton', 'short_title': 'BRI'}","{'id': '89', 'title': 'Manchester United', 'short_title': 'MUN'}","{'h': None, 'a': None}","{'h': None, 'a': None}",2026-05-24 14:00:00,,2025-26,understat_league
29149,False,"{'id': '92', 'title': 'Burnley', 'short_title': 'BUR'}","{'id': '229', 'title': 'Wolverhampton Wanderers', 'short_title': 'WOL'}","{'h': None, 'a': None}","{'h': None, 'a': None}",2026-05-24 14:00:00,,2025-26,understat_league
29150,False,"{'id': '78', 'title': 'Crystal Palace', 'short_title': 'CRY'}","{'id': '83', 'title': 'Arsenal', 'short_title': 'ARS'}","{'h': None, 'a': None}","{'h': None, 'a': None}",2026-05-24 14:00:00,,2025-26,understat_league
29151,False,"{'id': '228', 'title': 'Fulham', 'short_title': 'FLH'}","{'id': '86', 'title': 'Newcastle United', 'short_title': 'NEW'}","{'h': None, 'a': None}","{'h': None, 'a': None}",2026-05-24 14:00:00,,2025-26,understat_league
29152,False,"{'id': '87', 'title': 'Liverpool', 'short_title': 'LIV'}","{'id': '244', 'title': 'Brentford', 'short_title': 'BRE'}","{'h': None, 'a': None}","{'h': None, 'a': None}",2026-05-24 14:00:00,,2025-26,understat_league
29153,False,"{'id': '88', 'title': 'Manchester City', 'short_title': 'MCI'}","{'id': '71', 'title': 'Aston Villa', 'short_title': 'AVL'}","{'h': None, 'a': None}","{'h': None, 'a': None}",2026-05-24 14:00:00,,2025-26,understat_league
29154,False,"{'id': '249', 'title': 'Nottingham Forest', 'short_title': 'NOT'}","{'id': '73', 'title': 'Bournemouth', 'short_title': 'BOU'}","{'h': None, 'a': None}","{'h': None, 'a': None}",2026-05-24 14:00:00,,2025-26,understat_league
29155,False,"{'id': '77', 'title': 'Sunderland', 'short_title': 'SUN'}","{'id': '80', 'title': 'Chelsea', 'short_title': 'CHE'}","{'h': None, 'a': None}","{'h': None, 'a': None}",2026-05-24 14:00:00,,2025-26,understat_league
29156,False,"{'id': '82', 'title': 'Tottenham', 'short_title': 'TOT'}","{'id': '72', 'title': 'Everton', 'short_title': 'EVE'}","{'h': None, 'a': None}","{'h': None, 'a': None}",2026-05-24 14:00:00,,2025-26,understat_league
29157,False,"{'id': '81', 'title': 'West Ham', 'short_title': 'WHU'}","{'id': '245', 'title': 'Leeds', 'short_title': 'LED'}","{'h': None, 'a': None}","{'h': None, 'a': None}",2026-05-24 14:00:00,,2025-26,understat_league
